SampleID,d__Bacteria;p__Firmicutes;c__Clostridia;o__Peptococcales;f__Peptococcaceae;g__Peptococcus;s__,d__Bacteria;p__Firmicutes;c__Clostridia;o__Oscillospirales;f__Ruminococcaceae;g__Subdoligranulum;s__,d__Bacteria;p__Firmicutes;c__Clostridia;o__Lachnospirales;f__Lachnospiraceae;__;__,d__Bacteria;p__Firmicutes;c__Clostridia;o__Oscillospirales;f__Ruminococcaceae;g__UBA1819;s__,d__Bacteria;p__Firmicutes;c__Clostridia;o__Oscillospirales;f__Ruminococcaceae;g__uncultured;s__,d__Bacteria;p__Firmicutes;c__Clostridia;o__Oscillospirales;f__Ruminococcaceae;g__Faecalibacterium;s__,d__Bacteria;p__Firmicutes;c__Clostridia;o__Oscillospirales;f__Ruminococcaceae;__;__,d__Bacteria;p__Firmicutes;c__Clostridia;o__Lachnospirales;f__Lachnospiraceae;g__Lachnospiraceae_UCG-010;s__,d__Bacteria;__;__;__;__;__;__,d__Bacteria;p__Bacteroidota;c__Bacteroidia;o__Bacteroidales;f__Bacteroidaceae;g__Bacteroides;s__,d__Bacteria;p__Firmicutes;c__Clostridia;__;__;__;__,d__Bacteria;p__Firmicutes;c__Clostridia;o__Oscillospirales;f__Ruminococcaceae;g__Anaerofilum;s__,d__Bacteria;p__Firmicutes;c__Clostridia;o__Oscillospirales;f__Ruminococcaceae;g__Fournierella;s__,d__Bacteria;p__Firmicutes;c__Bacilli;o__Erysipelotrichales;f__Erysipelatoclostridiaceae;g__Erysipelatoclostridium;s__,d__Archaea;p__Euryarchaeota;c__Methanobacteria;o__Methanobacteriales;f__Methanobacteriaceae;g__Methanobrevibacter;s__,d__Bacteria;p__Bacteroidota;c__Bacteroidia;o__Bacteroidales;f__Marinifilaceae;g__Butyricimonas;s__,d__Bacteria;p__Actinobacteriota;c__Coriobacteriia;o__Coriobacteriales;f__Eggerthellaceae;__;__,d__Bacteria;p__Cyanobacteria;c__Cyanobacteriia;o__Chloroplast;f__Chloroplast;g__Chloroplast;s__,d__Bacteria;p__Proteobacteria;c__Alphaproteobacteria;o__Rickettsiales;f__Mitochondria;g__Mitochondria;s__,d__Bacteria;p__Proteobacteria;c__Gammaproteobacteria;o__Pseudomonadales;f__Pseudomonadaceae;g__Pseudomonas;s__,d__Bacteria;p__Verrucomicrobiota;c__Verrucomicrobiae;o__Verrucomicrobiales;f__Akkermansiaceae;g__Akkermansia;s__,d__Bacteria;p__Firmicutes;c__Bacilli;o__Izemoplasmatales;f__Izemoplasmatales;g__Izemoplasmatales;s__,d__Archaea;p__Euryarchaeota;c__Methanobacteria;o__Methanobacteriales;f__Methanobacteriaceae;g__Methanosphaera;s__,d__Bacteria;p__Proteobacteria;c__Alphaproteobacteria;o__Rhodospirillales;f__uncultured;g__uncultured;s__,d__Bacteria;p__Bacteroidota;c__Bacteroidia;o__Bacteroidales;f__Prevotellaceae;g__Paraprevotella;s__,d__Bacteria;p__Bacteroidota;c__Bacteroidia;o__Bacteroidales;f__Barnesiellaceae;g__Coprobacter;s__,d__Bacteria;p__Bacteroidota;c__Bacteroidia;o__Bacteroidales;f__Barnesiellaceae;g__uncultured;s__,d__Bacteria;p__Bacteroidota;c__Bacteroidia;o__Bacteroidales;f__Prevotellaceae;g__uncultured;s__,d__Bacteria;p__Bacteroidota;c__Bacteroidia;o__Bacteroidales;f__Prevotellaceae;__;__,d__Bacteria;p__Bacteroidota;c__Bacteroidia;o__Bacteroidales;f__Prevotellaceae;g__Prevotellaceae_NK3B31_group;s__,d__Bacteria;p__Bacteroidota;c__Bacteroidia;o__Bacteroidales;f__Prevotellaceae;g__Alloprevotella;s__,d__Bacteria;p__Bacteroidota;c__Bacteroidia;o__Bacteroidales;f__Prevotellaceae;g__Prevotella_9;s__,d__Bacteria;p__Bacteroidota;c__Bacteroidia;o__Bacteroidales;f__Prevotellaceae;g__Prevotella;s__,d__Bacteria;p__Bacteroidota;c__Bacteroidia;o__Bacteroidales;f__Prevotellaceae;g__Prevotella_7;s__,d__Bacteria;p__Bacteroidota;c__Bacteroidia;o__Bacteroidales;f__Rikenellaceae;g__Alistipes;s__,d__Bacteria;p__Bacteroidota;c__Bacteroidia;__;__;__;__,d__Bacteria;p__Bacteroidota;c__Bacteroidia;o__Bacteroidales;f__Porphyromonadaceae;g__Porphyromonas;s__,d__Bacteria;p__Firmicutes;c__Clostridia;o__Oscillospirales;f__Oscillospiraceae;__;__,d__Bacteria;p__Bacteroidota;c__Bacteroidia;o__Bacteroidales;__;__;__,d__Bacteria;p__Bacteroidota;c__Bacteroidia;o__Bacteroidales;f__Tannerellaceae;g__Parabacteroides;s__,d__Bacteria;p__Bacteroidota;c__Bacteroidia;o__Bacteroidales;f__Rikenellaceae;__;__,d__Bacteria;p__Bacteroidota;c__Bacteroidia;o__Bacteroidales;f__Tannerellaceae;g__Tannerellaceae;s__,d__Bacteria;p__Bacteroidota;c__Bacteroidia;o__Bacteroidales;f__Barnesiellaceae;g__Barnesiella;s__,d__Bacteria;p__Bacteroidota;c__Bacteroidia;o__Bacteroidales;f__Muribaculaceae;g__Muribaculaceae;s__,d__Bacteria;p__Bacteroidota;c__Bacteroidia;o__Bacteroidales;f__Marinifilaceae;g__Odoribacter;s__,d__Bacteria;p__Bacteroidota;c__Bacteroidia;o__Bacteroidales;f__Rikenellaceae;g__Rikenella;s__,d__Bacteria;p__Desulfobacterota;c__Desulfovibrionia;o__Desulfovibrionales;f__Desulfovibrionaceae;g__Bilophila;s__,d__Bacteria;p__Desulfobacterota;c__Desulfovibrionia;o__Desulfovibrionales;f__Desulfovibrionaceae;g__Desulfovibrio;s__,d__Bacteria;p__Proteobacteria;c__Gammaproteobacteria;o__Enterobacterales;f__Morganellaceae;__;__,d__Bacteria;p__Proteobacteria;c__Gammaproteobacteria;o__Enterobacterales;__;__;__,d__Bacteria;p__Proteobacteria;c__Gammaproteobacteria;o__Enterobacterales;f__Enterobacteriaceae;__;__,d__Bacteria;p__Proteobacteria;c__Gammaproteobacteria;o__Enterobacterales;f__Enterobacteriaceae;g__Escherichia-Shigella;s__,d__Bacteria;p__Campylobacterota;c__Campylobacteria;o__Campylobacterales;f__Campylobacteraceae;g__Campylobacter;s__,d__Bacteria;p__Cyanobacteria;c__Vampirivibrionia;o__Gastranaerophilales;f__Gastranaerophilales;g__Gastranaerophilales;s__,d__Bacteria;p__Proteobacteria;c__Gammaproteobacteria;o__Enterobacterales;f__Pasteurellaceae;__;__,d__Bacteria;p__Desulfobacterota;c__Desulfovibrionia;o__Desulfovibrionales;f__Desulfovibrionaceae;g__uncultured;s__,d__Bacteria;p__Firmicutes;c__Clostridia;o__Lachnospirales;f__Lachnospiraceae;g__Lactonifactor;s__,d__Bacteria;p__Firmicutes;c__Clostridia;o__Peptostreptococcales-Tissierellales;f__Family_XI;g__Anaerococcus;s__,d__Bacteria;p__Firmicutes;c__Clostridia;o__Lachnospirales;f__Lachnospiraceae;g__[Ruminococcus]_gnavus_group;s__,d__Bacteria;p__Firmicutes;c__Clostridia;o__Oscillospirales;__;__;__,d__Bacteria;p__Firmicutes;c__Clostridia;o__Oscillospirales;f__Ruminococcaceae;g__Candidatus_Soleaferrea;s__,d__Bacteria;p__Firmicutes;c__Clostridia;o__Clostridia_vadinBB60_group;f__Clostridia_vadinBB60_group;g__Clostridia_vadinBB60_group;s__,d__Bacteria;p__Firmicutes;__;__;__;__;__,d__Bacteria;p__Firmicutes;c__Clostridia;o__Oscillospirales;f__[Eubacterium]_coprostanoligenes_group;g__[Eubacterium]_coprostanoligenes_group;s__,d__Bacteria;p__Firmicutes;c__Negativicutes;o__Veillonellales-Selenomonadales;f__Selenomonadaceae;g__Megamonas;s__,d__Bacteria;p__Firmicutes;c__Bacilli;o__Erysipelotrichales;f__Erysipelotrichaceae;g__Catenisphaera;s__,d__Bacteria;p__Firmicutes;c__Clostridia;o__Oscillospirales;f__Ruminococcaceae;g__CAG-352;s__,d__Bacteria;p__Firmicutes;c__Clostridia;o__Oscillospirales;f__Butyricicoccaceae;g__uncultured;s__,d__Bacteria;p__Firmicutes;c__Clostridia;o__Oscillospirales;f__Butyricicoccaceae;__;__,d__Bacteria;p__Firmicutes;c__Clostridia;o__Oscillospirales;f__Butyricicoccaceae;g__Butyricicoccus;s__,d__Bacteria;p__Actinobacteriota;c__Coriobacteriia;o__Coriobacteriales;f__Coriobacteriales_Incertae_Sedis;g__uncultured;s__,d__Bacteria;p__Firmicutes;c__Bacilli;o__RF39;f__RF39;g__RF39;s__,d__Bacteria;p__Firmicutes;c__Clostridia;o__Clostridia_UCG-014;f__Clostridia_UCG-014;g__Clostridia_UCG-014;s__,d__Bacteria;p__Firmicutes;c__Clostridia;o__Peptococcales;f__Peptococcaceae;g__uncultured;s__,d__Bacteria;p__Firmicutes;c__Clostridia;o__Christensenellales;f__Christensenellaceae;g__uncultured;s__,d__Bacteria;p__Firmicutes;c__Clostridia;o__Christensenellales;f__Christensenellaceae;g__Catabacter;s__,d__Bacteria;p__Firmicutes;c__Clostridia;o__Christensenellales;f__Christensenellaceae;g__Christensenella;s__,d__Bacteria;p__Firmicutes;c__Clostridia;o__Oscillospirales;f__Ruminococcaceae;g__Angelakisella;s__,d__Bacteria;p__Firmicutes;c__Clostridia;o__Oscillospirales;f__Ruminococcaceae;g__Anaerotruncus;s__,d__Bacteria;p__Firmicutes;c__Clostridia;o__Eubacteriales;f__Anaerofustaceae;g__Anaerofustis;s__,d__Bacteria;p__Firmicutes;c__Clostridia;o__Oscillospirales;f__Oscillospiraceae;g__UCG-005;s__,d__Bacteria;p__Firmicutes;c__Clostridia;o__Oscillospirales;f__Ruminococcaceae;g__Incertae_Sedis;s__,d__Bacteria;p__Firmicutes;c__Clostridia;o__Oscillospirales;f__Ruminococcaceae;g__DTU089;s__,d__Bacteria;p__Firmicutes;c__Clostridia;o__Oscillospirales;f__Ruminococcaceae;g__Caproiciproducens;s__,d__Bacteria;p__Firmicutes;c__Clostridia;o__Oscillospirales;f__Ruminococcaceae;g__Ruminococcus;s__,d__Bacteria;p__Actinobacteriota;c__Coriobacteriia;o__Coriobacteriales;f__Eggerthellaceae;g__Eggerthella;s__,d__Bacteria;p__Actinobacteriota;c__Coriobacteriia;o__Coriobacteriales;f__Eggerthellaceae;g__uncultured;s__,d__Bacteria;p__Actinobacteriota;c__Coriobacteriia;o__Coriobacteriales;f__uncultured;g__uncultured;s__,d__Bacteria;p__Firmicutes;c__Clostridia;o__Oscillospirales;f__[Clostridium]_methylpentosum_group;g__[Clostridium]_methylpentosum_group;s__,d__Bacteria;p__Firmicutes;c__Clostridia;o__Oscillospirales;f__Oscillospirales;g__Hydrogenoanaerobacterium;s__,d__Bacteria;p__Firmicutes;c__Clostridia;o__Oscillospirales;f__Ruminococcaceae;g__Phocea;s__,d__Bacteria;p__Actinobacteriota;c__Actinobacteria;o__Bifidobacteriales;f__Bifidobacteriaceae;g__Bifidobacterium;s__,d__Bacteria;p__Actinobacteriota;c__Actinobacteria;o__Actinomycetales;f__Actinomycetaceae;g__Actinomyces;s__,d__Bacteria;p__Actinobacteriota;c__Actinobacteria;o__Actinomycetales;f__Actinomycetaceae;g__Varibaculum;s__,d__Bacteria;p__Actinobacteriota;c__Actinobacteria;o__Actinomycetales;f__Actinomycetaceae;g__Arcanobacterium;s__,d__Bacteria;p__Actinobacteriota;c__Actinobacteria;o__Micrococcales;f__Micrococcaceae;g__Rothia;s__,d__Bacteria;p__Actinobacteriota;c__Actinobacteria;o__Actinomycetales;f__Actinomycetaceae;g__F0332;s__,d__Bacteria;p__Actinobacteriota;c__Actinobacteria;o__Actinomycetales;f__Actinomycetaceae;g__Actinobaculum;s__,d__Bacteria;p__Actinobacteriota;c__Actinobacteria;o__Actinomycetales;f__Actinomycetaceae;g__Mobiluncus;s__,d__Bacteria;p__Firmicutes;c__Clostridia;o__Lachnospirales;f__Lachnospiraceae;g__Lachnospiraceae_UCG-004;s__,d__Bacteria;p__Firmicutes;c__Clostridia;o__Eubacteriales;f__Eubacteriaceae;g__Eubacterium;s__,d__Bacteria;p__Firmicutes;c__Clostridia;o__Eubacteriales;f__Eubacteriaceae;g__Pseudoramibacter;s__,d__Bacteria;p__Firmicutes;c__Clostridia;o__Lachnospirales;f__Lachnospiraceae;g__Anaerostipes;s__,d__Bacteria;p__Firmicutes;c__Clostridia;o__Lachnospirales;f__Lachnospiraceae;g__Tuzzerella;s__,d__Bacteria;p__Firmicutes;c__Clostridia;o__Lachnospirales;f__Lachnospiraceae;g__Anaerostignum;s__,d__Bacteria;p__Firmicutes;c__Clostridia;o__Lachnospirales;f__Defluviitaleaceae;g__Defluviitaleaceae_UCG-011;s__,d__Bacteria;p__Firmicutes;c__Clostridia;o__Lachnospirales;f__Lachnospiraceae;g__Epulopiscium;s__,d__Bacteria;p__Firmicutes;c__Clostridia;o__Peptostreptococcales-Tissierellales;f__Anaerovoracaceae;g__[Eubacterium]_brachy_group;s__,d__Bacteria;p__Firmicutes;c__Clostridia;o__Peptostreptococcales-Tissierellales;f__Anaerovoracaceae;g__Family_XIII_AD3011_group;s__,d__Bacteria;p__Firmicutes;c__Clostridia;o__Peptostreptococcales-Tissierellales;f__Anaerovoracaceae;__;__,d__Bacteria;p__Firmicutes;c__Clostridia;o__Peptostreptococcales-Tissierellales;f__Anaerovoracaceae;g__Mogibacterium;s__,d__Bacteria;p__Firmicutes;c__Bacilli;o__Acholeplasmatales;f__Acholeplasmataceae;g__Anaeroplasma;s__,d__Bacteria;p__Actinobacteriota;c__Coriobacteriia;o__Coriobacteriales;f__Atopobiaceae;g__Atopobium;s__,d__Bacteria;p__Firmicutes;c__Clostridia;o__Lachnospirales;f__Lachnospiraceae;g__[Ruminococcus]_gauvreauii_group;s__,d__Bacteria;p__Firmicutes;c__Clostridia;o__Lachnospirales;f__Lachnospiraceae;g__Lachnoclostridium;s__,d__Bacteria;p__Firmicutes;c__Clostridia;o__Lachnospirales;f__Lachnospiraceae;g__Lachnospiraceae_NK4B4_group;s__,d__Bacteria;p__Firmicutes;c__Clostridia;o__Lachnospirales;f__Lachnospiraceae;g__Lachnospiraceae_UCG-001;s__,d__Bacteria;p__Firmicutes;c__Clostridia;o__Lachnospirales;f__Lachnospiraceae;g__CHKCI001;s__,d__Bacteria;p__Firmicutes;c__Clostridia;o__Lachnospirales;f__Lachnospiraceae;g__Blautia;s__,d__Bacteria;p__Firmicutes;c__Clostridia;o__Lachnospirales;f__Lachnospiraceae;g__Fusicatenibacter;s__,d__Bacteria;p__Firmicutes;c__Clostridia;o__Lachnospirales;f__Lachnospiraceae;g__Dorea;s__,d__Bacteria;p__Firmicutes;c__Clostridia;o__Lachnospirales;f__Lachnospiraceae;g__Lachnospiraceae_NK4A136_group;s__,d__Bacteria;p__Firmicutes;c__Clostridia;o__Lachnospirales;f__Lachnospiraceae;g__Eisenbergiella;s__,d__Bacteria;p__Firmicutes;c__Clostridia;o__Lachnospirales;f__Lachnospiraceae;g__Robinsoniella;s__,d__Bacteria;p__Firmicutes;c__Clostridia;o__Lachnospirales;f__Lachnospiraceae;g__Murimonas;s__,d__Bacteria;p__Firmicutes;c__Clostridia;o__Lachnospirales;f__Lachnospiraceae;g__Marvinbryantia;s__,d__Bacteria;p__Firmicutes;c__Clostridia;o__Lachnospirales;f__Lachnospiraceae;g__CAG-56;s__,d__Bacteria;p__Firmicutes;c__Clostridia;o__Lachnospirales;f__Lachnospiraceae;g__Sellimonas;s__,d__Bacteria;p__Firmicutes;c__Clostridia;o__Lachnospirales;f__Lachnospiraceae;g__UC5-1-2E3;s__,d__Bacteria;p__Firmicutes;c__Clostridia;o__Lachnospirales;f__Lachnospiraceae;g__Hungatella;s__,d__Bacteria;p__Firmicutes;c__Clostridia;o__Lachnospirales;f__Lachnospiraceae;g__[Eubacterium]_fissicatena_group;s__,d__Bacteria;p__Firmicutes;c__Clostridia;o__Lachnospirales;f__Lachnospiraceae;g__Lachnospiraceae_UCG-003;s__,d__Bacteria;p__Firmicutes;c__Clostridia;o__Lachnospirales;f__Lachnospiraceae;g__Catenibacillus;s__,d__Bacteria;p__Firmicutes;c__Clostridia;o__Lachnospirales;f__Lachnospiraceae;g__Frisingicoccus;s__,d__Bacteria;p__Firmicutes;c__Clostridia;o__Lachnospirales;f__Lachnospiraceae;g__GCA-900066575;s__,d__Bacteria;p__Firmicutes;c__Clostridia;o__Lachnospirales;f__Lachnospiraceae;g__Coprococcus;s__,d__Bacteria;p__Firmicutes;c__Clostridia;o__Lachnospirales;f__Lachnospiraceae;g__Cuneatibacter;s__,d__Bacteria;p__Firmicutes;c__Clostridia;o__Oscillospirales;f__Oscillospiraceae;g__Flavonifractor;s__,d__Bacteria;p__Firmicutes;c__Clostridia;o__Lachnospirales;f__Lachnospiraceae;g__[Eubacterium]_xylanophilum_group;s__,d__Bacteria;p__Firmicutes;c__Clostridia;o__Christensenellales;f__Christensenellaceae;g__Christensenellaceae_R-7_group;s__,d__Bacteria;p__Firmicutes;c__Clostridia;o__Peptostreptococcales-Tissierellales;f__Anaerovoracaceae;g__Family_XIII_UCG-001;s__,d__Bacteria;p__Actinobacteriota;c__Coriobacteriia;o__Coriobacteriales;f__Eggerthellaceae;g__Slackia;s__,d__Bacteria;p__Actinobacteriota;c__Coriobacteriia;o__Coriobacteriales;f__Eggerthellaceae;g__Enterorhabdus;s__,d__Bacteria;p__Firmicutes;c__Clostridia;o__Peptostreptococcales-Tissierellales;f__Anaerovoracaceae;g__[Eubacterium]_nodatum_group;s__,d__Bacteria;p__Actinobacteriota;c__Coriobacteriia;o__Coriobacteriales;f__Eggerthellaceae;g__CHKCI002;s__,d__Bacteria;p__Actinobacteriota;c__Coriobacteriia;o__Coriobacteriales;f__Coriobacteriaceae;g__Collinsella;s__,d__Bacteria;p__Actinobacteriota;c__Coriobacteriia;o__Coriobacteriales;f__Eggerthellaceae;g__Gordonibacter;s__,d__Bacteria;p__Actinobacteriota;c__Coriobacteriia;o__Coriobacteriales;f__Eggerthellaceae;g__Adlercreutzia;s__,d__Bacteria;p__Firmicutes;c__Clostridia;o__Clostridia;__;__;__,d__Bacteria;p__Firmicutes;c__Clostridia;o__Peptostreptococcales-Tissierellales;f__Family_XI;g__Peptoniphilus;s__,d__Bacteria;p__Actinobacteriota;c__Coriobacteriia;o__Coriobacteriales;f__Atopobiaceae;g__uncultured;s__,d__Bacteria;p__Actinobacteriota;c__Coriobacteriia;o__Coriobacteriales;__;__;__,d__Bacteria;p__Firmicutes;c__Clostridia;o__Peptostreptococcales-Tissierellales;f__Family_XI;g__Murdochiella;s__,d__Bacteria;p__Firmicutes;c__Clostridia;o__Peptostreptococcales-Tissierellales;f__Peptostreptococcaceae;g__Romboutsia;s__,d__Bacteria;p__Firmicutes;c__Clostridia;o__Peptostreptococcales-Tissierellales;f__Peptostreptococcaceae;__;__,d__Bacteria;p__Firmicutes;c__Clostridia;o__Peptostreptococcales-Tissierellales;f__Peptostreptococcaceae;g__Intestinibacter;s__,d__Bacteria;p__Firmicutes;c__Clostridia;o__Peptostreptococcales-Tissierellales;f__Peptostreptococcaceae;g__Peptostreptococcus;s__,d__Bacteria;p__Firmicutes;c__Clostridia;o__Peptostreptococcales-Tissierellales;f__Peptostreptococcaceae;g__Terrisporobacter;s__,d__Bacteria;p__Proteobacteria;c__Gammaproteobacteria;o__Burkholderiales;f__Sutterellaceae;g__Sutterella;s__,d__Bacteria;p__Actinobacteriota;c__Actinobacteria;o__Corynebacteriales;f__Corynebacteriaceae;g__Corynebacterium;s__,d__Bacteria;p__Proteobacteria;c__Gammaproteobacteria;o__Burkholderiales;f__Neisseriaceae;g__Conchiformibius;s__,d__Bacteria;p__Proteobacteria;c__Gammaproteobacteria;o__Burkholderiales;f__Sutterellaceae;g__Parasutterella;s__,d__Bacteria;p__Actinobacteriota;c__Actinobacteria;o__Corynebacteriales;f__Corynebacteriaceae;g__Lawsonella;s__,d__Bacteria;p__Actinobacteriota;c__Actinobacteria;o__Corynebacteriales;f__Corynebacteriaceae;__;__,d__Bacteria;p__Firmicutes;c__Bacilli;o__Erysipelotrichales;f__Erysipelotrichaceae;g__Solobacterium;s__,d__Bacteria;p__Firmicutes;c__Bacilli;o__Lactobacillales;f__Streptococcaceae;g__Streptococcus;s__,d__Bacteria;p__Firmicutes;c__Bacilli;o__Lactobacillales;f__Streptococcaceae;g__Lactococcus;s__,d__Bacteria;p__Firmicutes;c__Clostridia;o__Monoglobales;f__Monoglobaceae;g__Monoglobus;s__,d__Bacteria;p__Firmicutes;c__Bacilli;o__Erysipelotrichales;f__Erysipelotrichaceae;g__Faecalitalea;s__,d__Bacteria;p__Firmicutes;c__Bacilli;o__Erysipelotrichales;f__Erysipelotrichaceae;g__[Clostridium]_innocuum_group;s__,d__Bacteria;p__Firmicutes;c__Clostridia;o__Oscillospirales;f__UCG-010;g__UCG-010;s__,d__Bacteria;p__Firmicutes;c__Bacilli;o__Erysipelotrichales;f__Erysipelatoclostridiaceae;g__UCG-004;s__,d__Bacteria;p__Firmicutes;c__Bacilli;o__Staphylococcales;f__Staphylococcaceae;g__Staphylococcus;s__,d__Bacteria;p__Firmicutes;c__Bacilli;o__Erysipelotrichales;f__Erysipelotrichaceae;g__Dielma;s__,d__Bacteria;p__Firmicutes;c__Bacilli;o__Erysipelotrichales;f__Erysipelotrichaceae;__;__,d__Bacteria;p__Firmicutes;c__Clostridia;o__Clostridiales;f__Clostridiaceae;g__Sarcina;s__,d__Bacteria;p__Firmicutes;c__Clostridia;o__Oscillospirales;f__Butyricicoccaceae;g__UCG-009;s__,d__Bacteria;p__Firmicutes;c__Clostridia;o__Oscillospirales;f__Oscillospiraceae;g__NK4A214_group;s__,d__Bacteria;p__Firmicutes;c__Clostridia;o__Oscillospirales;f__Oscillospiraceae;g__Colidextribacter;s__,d__Bacteria;p__Firmicutes;c__Clostridia;o__Oscillospirales;f__Oscillospiraceae;g__Intestinimonas;s__,d__Bacteria;p__Firmicutes;c__Bacilli;o__Lactobacillales;f__Lactobacillaceae;g__Pediococcus;s__,d__Bacteria;p__Firmicutes;c__Bacilli;o__Lactobacillales;f__Lactobacillaceae;g__Lacticaseibacillus;s__,d__Bacteria;p__Firmicutes;c__Bacilli;o__Lactobacillales;f__Lactobacillaceae;g__Ligilactobacillus;s__,d__Bacteria;p__Firmicutes;c__Negativicutes;o__Veillonellales-Selenomonadales;f__Veillonellaceae;g__Anaeroglobus;s__,d__Bacteria;p__Firmicutes;c__Clostridia;o__Oscillospirales;f__Ruminococcaceae;g__Negativibacillus;s__,d__Bacteria;p__Firmicutes;c__Clostridia;o__Oscillospirales;f__Ruminococcaceae;g__Paludicola;s__,d__Bacteria;p__Firmicutes;c__Clostridia;o__Oscillospirales;f__Ruminococcaceae;g__[Eubacterium]_siraeum_group;s__,d__Bacteria;p__Firmicutes;c__Negativicutes;o__Acidaminococcales;f__Acidaminococcaceae;g__Acidaminococcus;s__,d__Bacteria;p__Firmicutes;c__Negativicutes;o__Veillonellales-Selenomonadales;f__Veillonellaceae;g__Veillonella;s__,d__Bacteria;p__Firmicutes;c__Negativicutes;o__Veillonellales-Selenomonadales;f__Veillonellaceae;g__Allisonella;s__,d__Bacteria;p__Firmicutes;c__Negativicutes;o__Veillonellales-Selenomonadales;f__Veillonellaceae;g__Dialister;s__,d__Bacteria;p__Firmicutes;c__Negativicutes;o__Veillonellales-Selenomonadales;f__Veillonellaceae;__;__,d__Bacteria;p__Firmicutes;c__Bacilli;o__Staphylococcales;f__Gemellaceae;g__Gemella;s__,d__Bacteria;p__Firmicutes;c__Negativicutes;o__Veillonellales-Selenomonadales;__;__;__,d__Bacteria;p__Firmicutes;c__Negativicutes;o__Veillonellales-Selenomonadales;f__Veillonellaceae;g__Megasphaera;s__,d__Bacteria;p__Firmicutes;c__Clostridia;o__Clostridiales;f__Clostridiaceae;g__Clostridium_sensu_stricto_1;s__,d__Bacteria;p__Firmicutes;c__Clostridia;o__Oscillospirales;f__Hungateiclostridiaceae;__;__,d__Bacteria;p__Firmicutes;c__Clostridia;o__Oscillospirales;f__Oscillospiraceae;g__UCG-002;s__,d__Bacteria;p__Firmicutes;c__Clostridia;o__Oscillospirales;f__Oscillospiraceae;g__UCG-003;s__,d__Bacteria;p__Firmicutes;c__Clostridia;o__Oscillospirales;f__Oscillospiraceae;g__Oscillibacter;s__,d__Bacteria;p__Firmicutes;c__Bacilli;o__Lactobacillales;f__Lactobacillaceae;g__Lactobacillus;s__,d__Bacteria;p__Firmicutes;c__Bacilli;o__Lactobacillales;__;__;__,d__Bacteria;p__Firmicutes;c__Bacilli;o__Erysipelotrichales;f__Erysipelatoclostridiaceae;g__Candidatus_Stoquefichus;s__,d__Bacteria;p__Firmicutes;c__Bacilli;o__Erysipelotrichales;f__Erysipelatoclostridiaceae;g__Coprobacillus;s__,d__Bacteria;p__Firmicutes;c__Bacilli;o__Erysipelotrichales;f__Erysipelatoclostridiaceae;__;__,d__Bacteria;p__Firmicutes;c__Bacilli;o__Erysipelotrichales;f__Erysipelatoclostridiaceae;g__Catenibacterium;s__,d__Bacteria;p__Firmicutes;c__Bacilli;o__Erysipelotrichales;f__Erysipelotrichaceae;g__Merdibacter;s__,d__Bacteria;p__Firmicutes;c__Bacilli;o__Erysipelotrichales;f__Erysipelotrichaceae;g__Holdemanella;s__,d__Bacteria;p__Firmicutes;c__Bacilli;o__Erysipelotrichales;f__Erysipelotrichaceae;g__Turicibacter;s__,d__Bacteria;p__Firmicutes;c__Bacilli;o__Erysipelotrichales;f__Erysipelatoclostridiaceae;g__Erysipelotrichaceae_UCG-003;s__,d__Bacteria;p__Firmicutes;c__Bacilli;o__Erysipelotrichales;f__Erysipelotrichaceae;g__Holdemania;s__,d__Bacteria;p__Firmicutes;c__uncultured;o__uncultured;f__uncultured;g__uncultured;s__,d__Bacteria;p__Firmicutes;c__Negativicutes;o__Acidaminococcales;f__Acidaminococcaceae;g__Phascolarctobacterium;s__,d__Bacteria;p__Firmicutes;c__Bacilli;o__Lactobacillales;f__Aerococcaceae;g__Abiotrophia;s__,d__Bacteria;p__Verrucomicrobiota;c__Lentisphaeria;o__Victivallales;f__vadinBE97;g__vadinBE97;s__,d__Bacteria;p__Verrucomicrobiota;c__Lentisphaeria;o__Victivallales;f__Victivallaceae;g__Victivallis;s__,d__Bacteria;p__Firmicutes;c__Clostridia;o__Lachnospirales;f__Lachnospiraceae;g__GCA-900066755;s__,d__Bacteria;p__Firmicutes;c__Clostridia;o__Lachnospirales;f__Lachnospiraceae;g__Lachnospira;s__,d__Bacteria;p__Firmicutes;c__Clostridia;o__Lachnospirales;f__Lachnospiraceae;g__[Eubacterium]_eligens_group;s__,d__Bacteria;p__Firmicutes;c__Clostridia;o__Lachnospirales;f__Lachnospiraceae;g__[Eubacterium]_hallii_group;s__,d__Bacteria;p__Firmicutes;c__Clostridia;o__Peptostreptococcales-Tissierellales;f__Anaerovoracaceae;g__S5-A14a;s__,d__Bacteria;p__Firmicutes;c__Clostridia;o__Lachnospirales;f__Lachnospiraceae;g__[Eubacterium]_ventriosum_group;s__,d__Bacteria;p__Firmicutes;c__Clostridia;o__Lachnospirales;f__Lachnospiraceae;g__Howardella;s__,d__Bacteria;p__Firmicutes;c__Clostridia;o__Peptostreptococcales-Tissierellales;f__Family_XI;g__Helcococcus;s__,d__Bacteria;p__Actinobacteriota;c__Coriobacteriia;o__Coriobacteriales;f__Eggerthellaceae;g__Senegalimassilia;s__,d__Bacteria;p__Actinobacteriota;c__Coriobacteriia;o__Coriobacteriales;f__Atopobiaceae;g__Libanicoccus;s__,d__Bacteria;p__Firmicutes;c__Clostridia;o__Peptostreptococcales-Tissierellales;f__Family_XI;g__Parvimonas;s__,d__Bacteria;p__Firmicutes;c__Clostridia;o__Lachnospirales;f__Lachnospiraceae;g__Roseburia;s__,d__Bacteria;p__Firmicutes;c__Clostridia;o__Lachnospirales;f__Lachnospiraceae;g__Agathobacter;s__,d__Bacteria;p__Firmicutes;c__Clostridia;o__Lachnospirales;f__Lachnospiraceae;g__[Ruminococcus]_torques_group;s__,d__Bacteria;p__Firmicutes;c__Clostridia;o__Lachnospirales;f__Lachnospiraceae;g__Lachnospiraceae_ND3007_group;s__,d__Bacteria;p__Firmicutes;c__Clostridia;o__Lachnospirales;f__Lachnospiraceae;g__Tyzzerella;s__,d__Bacteria;p__Firmicutes;c__Clostridia;o__Lachnospirales;f__Lachnospiraceae;g__[Eubacterium]_ruminantium_group;s__,d__Bacteria;p__Fusobacteriota;c__Fusobacteriia;o__Fusobacteriales;f__Fusobacteriaceae;g__Fusobacterium;s__,d__Bacteria;p__Firmicutes;c__Bacilli;o__Lactobacillales;f__Lactobacillaceae;g__Leuconostoc;s__,d__Bacteria;p__Firmicutes;c__Bacilli;o__Lactobacillales;f__Lactobacillaceae;g__Weissella;s__,disease_group,host_age,host_sex,family_id,Genetic_Risk_Score,Dysbiosis_Score,ethnicity
SRR27747650,0,0,775,0,0,1039,0,0,0,160,0,0,0,35,0,0,0,0,0,0,0,0,0,0,0,0,0,0,0,0,0,0,0,0,0,0,0,0,0,0,0,0,0,0,0,0,0,0,0,0,16,28,0,0,0,0,0,0,332,0,0,0,0,0,0,0,0,0,0,0,0,0,0,0,0,0,0,0,0,0,0,0,0,0,0,0,0,0,0,0,0,2079,0,0,0,0,0,0,0,26,0,0,1415,0,0,0,0,0,0,0,0,0,0,0,109,0,0,0,3389,2654,0,0,0,0,0,0,20,128,0,0,0,0,0,0,3,0,0,0,0,0,0,0,0,0,0,0,0,0,0,0,0,0,0,0,0,8,0,0,0,0,0,3,0,0,0,6,0,351,40,0,0,0,0,0,0,0,0,0,0,0,0,0,0,0,0,0,0,0,0,0,102,0,0,0,0,0,0,0,0,0,0,0,0,0,0,0,0,0,0,25,0,0,0,0,0,0,0,259,130,399,0,34,0,0,0,0,0,0,1296,34,0,0,0,0,0,0,CD,35.046575,female,F167,-0.001274,0.708986,White
SRR27747651,0,1108,652,0,0,88,385,0,0,116,0,0,0,24,0,3,0,0,0,0,6,0,0,0,0,0,0,0,0,0,0,0,0,0,15,0,0,0,0,0,0,0,0,0,0,0,6,0,0,0,0,0,0,0,0,0,0,0,151,0,0,0,7,9,0,0,0,0,0,0,0,0,0,0,0,0,0,0,0,0,0,0,0,0,20,7,0,0,0,0,0,3878,0,0,0,0,0,0,0,0,0,0,518,0,0,0,0,34,0,0,0,0,0,0,48,0,0,0,4479,576,1748,0,11,0,0,0,0,4,0,6,0,0,0,0,0,28,0,15,0,3,0,0,0,0,0,11,0,0,0,0,0,0,0,0,0,11,0,0,0,0,0,2,0,0,0,80,5,126,0,0,0,0,0,0,0,0,0,3,0,0,0,0,0,0,0,0,0,0,0,0,4,0,0,0,0,4,0,19,0,5,0,0,0,0,0,0,0,0,0,302,0,0,4,0,0,0,0,8,0,368,0,0,0,0,0,0,0,22,1002,0,0,14,0,0,0,0,CD,28.780822,female,F136,-0.002018,0.716442,White
SRR27747652,6,1222,1431,10,39,1320,467,28,0,1149,133,0,10,3,31,20,0,0,0,0,26,9,0,17,23,8,0,0,0,0,0,0,0,0,122,3,0,105,0,61,0,0,78,152,11,0,20,46,0,0,0,0,0,2,0,0,0,0,16,15,0,9,32,178,0,0,0,3,0,6,2,6,42,2,0,0,0,0,0,0,106,60,0,0,322,0,0,4,0,5,0,219,0,0,0,0,0,0,0,38,0,0,262,0,0,0,0,0,23,8,0,0,2,135,11,0,16,0,1569,401,211,0,0,0,0,26,99,0,0,0,0,14,0,0,11,619,0,0,20,264,4,0,0,0,0,152,0,0,12,0,0,0,0,24,0,14,0,0,0,0,0,0,0,0,0,0,0,27,0,0,30,0,0,0,0,0,0,82,0,0,0,0,0,0,0,0,12,0,0,0,0,0,0,0,0,9,0,419,90,10,0,0,0,0,0,0,0,0,2,172,0,0,130,0,7,0,0,63,41,121,0,0,0,0,0,0,0,122,77,335,227,0,0,0,0,0,Control,27.712329,male,F107,0.000134,0.59413,White
SRR27747653,0,755,1011,11,0,1182,14,0,26,2419,136,0,0,35,174,0,0,0,0,0,468,11,0,0,0,0,0,0,0,0,0,0,0,0,131,0,0,75,5,132,0,0,0,60,8,0,13,0,0,0,0,0,0,0,0,0,0,0,21,4,0,0,2,87,0,0,1190,14,0,0,5,10,27,8,8,0,0,8,0,0,84,104,0,0,422,0,6,0,0,0,0,521,3,0,0,0,0,0,0,0,0,0,234,0,4,10,0,0,23,28,0,0,0,119,0,0,0,0,557,264,378,0,0,0,0,22,9,0,0,0,0,0,0,0,9,461,0,6,57,65,0,0,0,0,17,445,0,0,0,0,0,0,0,721,0,380,0,362,0,0,0,0,0,0,0,2,0,61,0,0,0,0,0,0,9,83,0,23,12,0,0,0,33,0,37,4,277,0,0,0,98,0,0,0,0,532,0,398,24,38,3,0,3,0,0,0,0,0,92,81,0,0,0,0,0,0,0,8,32,85,0,25,0,0,30,0,0,23,531,576,70,0,0,0,0,0,Control,27.632877,female,F102,-0.00471,0.584956,White
SRR27747655,0,186,689,4,0,0,0,23,0,3741,0,0,0,0,0,6,0,0,0,0,192,0,0,0,0,2,0,0,0,0,0,1255,0,0,160,0,0,0,0,494,0,0,131,0,14,0,81,334,0,0,0,3,0,0,0,48,0,0,21,2,0,0,0,175,0,0,0,0,3,42,0,0,0,0,0,0,0,0,3,0,0,18,0,0,0,0,0,0,0,0,0,234,0,0,0,0,0,0,0,0,0,0,101,70,0,0,0,0,0,0,0,0,0,0,1499,0,31,0,2087,79,30,0,0,0,0,0,0,0,0,12,0,0,0,0,0,171,0,101,0,0,0,7,0,0,0,351,0,0,0,0,0,0,0,0,0,0,0,0,0,0,0,19,0,0,0,0,0,73,0,0,0,0,0,0,0,0,0,0,0,0,0,0,0,0,0,0,0,1275,0,0,0,0,0,0,0,0,0,0,0,12,0,0,0,0,0,591,0,271,0,16,0,0,152,0,0,0,0,49,0,136,0,0,0,0,15,0,0,35,1234,130,0,17,0,38,0,0,CD,44.10411,male,F102,0.000349,0.739528,White
SRR27747659,0,97,737,0,0,106,45,0,0,558,2,0,0,24,0,0,0,0,0,0,895,0,0,0,0,0,0,0,0,0,0,0,0,0,6,0,0,7,0,236,0,0,5,0,0,0,0,0,5,0,4,184,0,0,0,0,0,0,735,0,0,0,0,3,0,0,0,0,0,0,0,0,7,0,0,0,0,0,0,0,0,0,0,0,18,0,0,0,0,0,0,273,3,0,0,0,0,0,0,0,0,0,21,0,0,0,0,0,0,0,0,0,2,3,240,0,0,0,53,21,12,0,0,0,0,0,3,46,0,0,0,0,3,0,0,31,0,21,4,2,0,0,0,0,0,0,0,0,0,3,0,0,0,5,0,3,0,0,0,0,0,0,0,0,0,0,0,2,11,15,0,0,0,0,0,0,0,0,0,0,0,0,6,0,0,0,0,0,354,0,6,55,0,24,7,12,0,4,0,0,0,39,0,0,0,0,0,0,4,0,0,0,0,0,0,0,0,5,0,0,0,0,0,0,0,0,0,0,28,9,9,0,0,0,0,0,CD,26.265753,female,F156,-0.002612,NaN,White
SRR27747662,0,1093,961,0,12,1614,150,5,8,1077,62,0,9,3,0,0,0,0,0,0,0,0,0,0,0,0,7,0,0,0,0,2227,0,0,62,0,0,30,0,87,0,0,13,0,13,0,20,0,0,0,13,61,0,0,8,0,0,0,0,4,0,0,22,298,32,0,0,14,0,4,23,110,40,3,0,0,0,0,0,0,76,18,5,0,241,0,0,0,0,0,0,3411,16,0,0,0,0,0,0,14,0,0,304,0,0,7,0,0,22,20,2,0,2,71,0,0,47,0,1762,464,346,0,0,0,0,31,56,5,0,0,0,0,0,0,4,604,0,0,6,189,0,51,0,0,0,396,0,0,0,0,0,0,0,158,0,144,0,0,0,2,0,0,0,0,0,71,0,108,0,0,0,0,0,0,17,0,0,26,0,0,0,0,269,0,13,0,2,0,53,21,483,0,0,0,0,343,0,396,19,0,22,9,0,0,0,0,0,599,9,142,0,0,66,0,0,0,0,83,121,185,0,17,0,0,125,0,0,206,727,216,78,0,0,0,0,4,Control,32.989041,male,F129,NaN,0.556428,NaN
SRR27747664,0,0,1902,8,0,0,0,0,0,1523,0,0,0,0,0,0,0,0,0,0,0,0,0,0,0,0,0,0,0,0,0,0,0,0,0,0,0,0,0,20,0,0,0,0,0,0,134,0,0,0,0,4051,0,0,0,0,0,5,454,0,0,0,0,0,0,0,0,0,3,0,0,0,0,0,0,0,0,0,0,0,0,27,0,0,0,0,0,0,0,0,0,196,6,0,0,8,0,0,0,28,0,0,439,4,0,0,0,0,0,0,0,0,0,22,873,0,0,0,191,0,155,0,18,0,0,0,0,0,0,0,0,0,11,0,0,0,0,5,0,0,0,0,0,0,0,31,0,0,0,0,0,0,0,9,3,0,0,34,0,0,0,0,0,0,0,0,19,0,0,0,0,0,0,0,0,0,0,0,66,0,0,0,0,0,0,0,0,0,16,0,0,0,0,0,0,180,0,0,0,0,0,0,0,0,0,0,0,0,0,209,0,0,1268,0,0,0,0,0,0,13,0,0,0,0,0,0,0,0,59,122,0,0,0,0,0,0,CD,32.216438,female,F136,-0.003308,0.900009,White
SRR27747668,0,3911,2538,0,0,1621,0,0,0,73,0,0,0,0,0,0,0,0,0,0,2,0,0,0,0,0,0,0,3,0,0,0,0,0,0,0,0,0,0,0,0,0,0,0,0,0,0,0,0,0,0,875,0,0,0,0,0,0,683,0,0,0,0,0,0,0,0,0,0,50,0,0,0,0,0,0,0,0,0,0,0,13,0,0,29,0,0,0,0,0,0,2676,15,0,0,9,0,0,0,58,0,0,495,0,0,0,8,0,0,0,0,0,0,0,0,0,0,0,3493,1603,489,0,0,0,0,0,0,0,0,0,0,0,0,0,0,92,0,0,0,0,0,0,0,0,0,0,0,0,0,2,0,0,0,41,0,51,0,15,0,2,0,170,0,0,0,2308,0,72,0,0,0,0,0,0,0,0,0,0,0,0,0,0,0,0,0,0,0,0,8,0,16,0,6,0,0,101,0,0,4,0,120,6,0,0,0,0,0,0,0,374,0,0,0,0,0,0,0,397,522,692,0,43,0,0,0,0,0,0,1144,1472,805,45,0,0,0,0,Control,26.158904,female,F156,-0.002219,0.680386,White
SRR27747669,0,1549,1653,0,0,1378,1052,11,0,5522,0,0,0,49,0,3,0,0,0,0,0,0,0,13,743,0,0,0,0,0,0,0,0,0,117,0,0,20,0,217,0,0,362,0,14,0,105,0,0,0,5,0,0,0,0,0,0,0,40,0,2,0,0,75,0,0,0,0,0,118,0,0,0,0,2,0,0,0,0,0,0,43,0,0,69,0,0,0,3,0,0,249,7,0,0,0,0,0,0,22,0,0,727,0,0,0,0,0,0,0,0,0,0,81,1286,0,0,0,3981,254,475,0,0,0,0,0,12,0,0,0,0,0,4,0,0,55,0,29,0,0,0,0,0,0,0,231,7,4,0,0,0,0,0,0,0,0,0,0,19,0,0,43,0,0,0,2,0,20,0,0,0,0,0,0,0,0,0,0,28,0,0,0,0,0,0,0,0,0,0,0,0,0,0,0,0,0,0,0,8,35,0,0,0,0,0,0,0,0,0,0,0,0,304,0,0,0,0,43,0,294,0,170,0,0,0,0,0,159,1163,387,149,105,0,0,0,0,Control,57.849315,male,F165,-0.00474,0.641605,White
SRR27747671,0,657,1002,7,0,3424,884,9,6,2782,54,0,0,11,0,9,0,0,0,0,0,0,0,0,0,0,0,0,0,0,0,0,0,0,275,0,0,351,0,288,0,9,175,0,18,0,15,0,0,0,0,6,0,0,0,0,0,0,13,7,0,0,0,440,0,0,0,5,0,3,0,9,89,0,0,0,3,0,0,0,85,90,0,0,1642,0,0,2,0,0,0,3407,0,0,0,0,0,0,0,0,0,0,372,0,0,11,0,0,9,16,0,0,0,41,17,0,0,0,1290,600,257,0,4,0,0,0,7,0,0,0,0,0,0,0,3,1532,0,0,23,148,0,0,0,0,0,364,0,3,0,0,0,0,0,144,0,132,0,10,3,0,0,51,0,0,0,0,0,6,0,0,0,0,0,4,0,0,24,134,0,6,0,0,109,0,0,0,4,0,0,0,0,0,0,0,0,312,0,890,70,0,0,0,0,0,0,0,0,0,0,14,0,0,178,0,0,0,0,40,162,164,0,25,0,0,30,0,0,30,1651,208,62,0,0,0,0,0,Control,24.720548,female,F107,-0.000766,0.573403,NaN
SRR27747682,0,658,966,0,0,4005,15,4,0,934,2,0,0,0,0,0,0,0,0,0,3,0,0,0,27,0,0,0,0,0,0,5156,0,0,4,0,0,25,0,47,0,0,2,0,0,0,3,0,0,0,0,3,0,0,10,0,0,0,0,0,0,0,0,92,0,0,0,55,0,115,0,0,32,0,0,0,0,0,0,0,0,96,4,0,371,0,6,0,0,0,0,2962,0,0,0,0,0,0,0,107,0,0,190,0,0,0,0,0,0,0,0,0,0,30,15,0,0,0,925,917,351,0,0,0,0,9,53,0,0,0,0,0,0,0,17,401,0,0,0,48,5,8,0,0,0,266,0,0,0,0,0,0,0,380,0,20,0,0,0,0,0,7,0,0,43,0,0,29,0,0,0,0,0,0,0,0,0,36,8,0,0,0,0,0,0,0,0,0,54,0,1041,0,0,0,0,43,0,58,24,0,0,0,0,0,0,119,0,80,0,0,0,0,33,0,0,0,0,82,154,164,0,44,23,0,17,23,0,63,2058,57,47,0,59,0,0,0,Control,24.553425,male,F107,-0.003006,0.605864,White
SRR27747685,0,1182,1410,27,0,1241,2027,48,0,1676,0,0,0,40,0,0,0,0,0,0,356,0,0,0,0,0,0,0,0,0,0,0,0,0,104,0,0,83,0,0,0,0,0,0,0,0,0,0,0,0,0,8,0,0,0,0,0,4,8,26,0,0,2,255,0,0,0,0,0,0,0,0,0,0,5,0,0,0,0,0,37,46,5,0,650,0,0,0,0,0,0,2232,3,0,0,0,0,0,0,28,5,0,638,0,0,11,0,3,5,33,0,0,0,33,23,0,0,0,2133,1565,869,0,34,0,0,15,29,59,0,0,0,0,0,13,6,184,0,21,5,38,0,0,0,0,0,891,0,0,0,0,0,0,0,35,0,57,0,0,0,0,0,24,0,0,0,0,0,29,7,3,19,0,0,0,0,0,0,35,5,0,0,0,11,0,36,0,0,0,0,0,147,0,0,0,0,37,0,508,0,0,0,0,0,8,0,0,0,0,0,79,4,0,0,0,0,0,0,20,49,279,0,35,0,0,0,0,0,0,1061,277,26,0,0,0,0,0,CD,13.230137,female,F115,-0.003853,0.585463,White
SRR27747689,5,1040,1776,0,0,5187,661,16,0,1848,0,0,0,3,0,0,0,0,0,0,0,0,0,0,0,0,0,0,0,0,0,0,0,0,48,0,0,0,0,25,0,0,77,0,3,0,2,0,0,0,0,0,0,0,0,0,0,0,0,5,0,0,0,91,0,0,0,46,0,88,0,0,0,0,0,0,0,0,0,0,0,138,0,0,616,0,11,8,0,0,0,4975,0,0,0,0,0,0,0,100,0,0,394,0,0,4,0,0,8,0,0,0,0,154,17,18,51,0,1710,1170,363,0,0,0,0,0,104,0,0,0,0,0,0,0,9,297,0,0,66,143,0,0,0,0,0,578,0,0,0,0,0,3,0,710,0,9,0,0,0,0,0,190,0,0,0,7,0,62,0,0,0,0,0,0,0,157,0,7,19,16,0,0,787,0,0,0,0,0,0,0,128,0,0,0,0,12,0,85,29,0,0,0,0,0,0,0,0,251,2,36,0,0,0,0,0,0,0,421,313,366,0,30,0,0,30,0,0,221,1031,102,160,23,0,0,0,0,Control,30.572603,male,F102,-0.003793,0.521439,White
SRR27747706,0,847,843,0,6,3184,81,0,13,768,29,0,34,0,11,8,0,0,0,0,35,0,0,0,0,0,0,0,0,380,0,6043,0,0,46,0,0,39,0,84,0,0,92,0,3,0,17,0,0,0,0,195,0,0,5,0,0,0,0,4,0,5,0,329,0,0,0,39,0,55,0,79,8,12,0,0,0,8,0,0,42,13,0,0,478,0,0,0,0,0,0,816,0,0,0,0,0,0,0,33,0,0,104,0,0,0,0,0,5,0,0,0,0,66,10,0,0,0,740,122,264,0,0,0,0,13,36,0,0,0,0,0,0,0,7,226,0,0,0,34,0,6,0,0,0,119,0,0,0,0,0,0,0,238,0,56,0,0,0,0,0,90,0,0,0,4,0,35,0,0,13,0,0,0,0,14,0,64,7,6,0,0,82,0,3,0,0,0,0,0,406,0,0,0,0,53,0,272,63,0,0,0,0,0,0,0,0,76,6,7,0,0,0,0,0,0,0,194,83,87,0,35,0,0,6,0,0,55,178,157,57,0,25,0,0,0,Control,20.830137,female,F107,-0.001298,0.742072,White
SRR27747722,0,1538,761,25,2,493,19,28,2,1852,64,0,0,0,67,181,0,0,0,0,1045,0,0,2,0,0,0,0,349,0,0,0,0,0,2164,0,0,14,468,0,215,0,394,0,522,4,58,0,0,0,0,3265,0,0,0,0,0,0,0,19,0,22,0,172,0,0,0,0,0,15,0,0,3,0,15,0,0,0,0,0,560,10,15,0,703,0,0,0,4,0,0,791,0,0,0,0,0,0,0,0,0,0,58,0,0,0,0,0,16,0,0,0,0,5,65,0,5,6,1043,87,173,30,82,0,0,0,0,31,6,13,0,25,0,29,0,19,0,7,3,0,0,0,0,0,0,454,0,2,0,0,0,0,0,0,0,65,0,0,10,0,0,52,0,0,0,0,0,8,0,2,6,0,0,0,0,0,0,143,9,4,0,0,0,0,181,0,0,0,0,0,357,0,0,0,0,494,0,297,176,0,0,0,0,0,0,0,2,0,0,0,2,0,0,0,0,0,0,11,21,50,0,0,0,0,0,0,0,33,17,437,107,0,0,0,0,0,CD,26.657534,male,F198,-0.001305,0.79953,NaN
SRR27747728,0,1182,2622,8,0,2495,5,103,0,5358,0,0,0,72,0,57,0,0,0,0,4,0,0,0,0,0,0,0,0,0,0,0,0,0,69,0,0,29,0,0,0,0,412,0,0,0,0,0,0,0,0,426,0,0,0,0,0,0,578,0,3,0,0,39,0,0,0,0,0,133,0,0,0,0,0,0,0,0,0,0,0,162,13,0,0,13,0,0,0,0,6,0,0,0,0,0,0,0,0,439,0,0,291,0,0,0,0,4,0,3,0,0,0,0,356,0,27,0,3906,512,435,0,29,0,0,0,0,14,0,0,0,0,0,0,0,116,0,66,35,0,0,0,0,0,0,0,0,7,0,0,0,0,0,0,0,86,0,0,0,0,0,89,0,0,0,19,3,212,30,0,0,0,0,0,0,0,0,42,21,0,0,0,0,0,41,0,0,0,10,0,232,0,0,0,0,0,0,214,2,18,0,0,5,0,0,0,0,0,0,0,0,0,0,0,0,0,0,175,237,216,0,30,0,0,0,0,0,134,1422,199,212,0,0,0,0,0,CD,26.512329,male,F187,-0.002391,0.706355,White
SRR27747730,0,1101,1456,140,139,1943,847,0,14,2951,326,0,0,11,0,46,0,0,0,0,101,0,0,4,0,0,0,0,3,0,0,0,0,0,417,16,0,278,0,215,0,114,909,0,30,0,37,0,0,0,0,14,0,0,0,0,0,0,0,39,0,130,7,172,0,4,0,0,0,8,5,10,230,6,7,0,0,0,5,0,499,93,5,0,16,3,50,0,0,0,0,5916,5,0,0,0,0,0,2,0,6,0,1640,0,0,10,0,0,0,0,0,0,0,0,0,0,0,0,2020,498,242,0,60,0,0,0,22,0,0,0,9,0,0,10,0,835,0,18,21,2293,0,119,0,8,0,614,7,7,0,0,0,0,0,372,0,140,0,237,5,0,0,10,0,0,0,64,10,4,0,3,63,4,0,7,0,0,0,29,22,0,0,9,0,0,9,0,30,0,0,0,79,0,0,0,0,377,0,709,23,30,0,0,0,0,0,0,0,0,131,44,0,0,47,0,0,0,0,259,527,528,0,30,0,0,105,0,0,39,13,30,0,0,0,0,0,0,CD,44.824658,male,F135,-0.0014,0.602611,White
SRR27747741,0,0,6985,0,0,0,0,0,0,0,0,0,0,2065,0,0,0,0,0,0,0,0,0,0,0,0,0,0,0,0,0,0,0,0,0,0,0,0,0,0,0,0,0,0,0,0,0,0,0,0,28,361,0,0,0,0,0,0,0,0,0,0,0,0,0,0,0,0,0,0,0,0,0,0,0,0,0,0,0,0,0,0,0,0,0,0,0,0,0,0,0,164,0,0,0,0,3,0,0,0,0,0,95,0,0,0,0,0,0,0,0,0,0,0,100,0,0,0,0,0,0,0,16,22,0,0,0,27,0,0,0,0,0,0,0,0,0,0,0,0,0,0,0,0,0,0,0,0,0,0,0,0,0,0,0,162,0,0,0,0,0,0,0,0,0,64,0,0,0,42,0,0,0,0,0,0,0,0,0,0,0,0,0,0,0,0,0,0,86,0,0,0,0,0,0,12,0,0,0,0,0,356,0,0,0,0,0,0,0,0,0,0,0,0,0,0,0,116,0,0,0,0,0,0,0,0,0,0,5501,0,0,0,0,0,0,0,CD,20.882192,male,F190,0.000611,0.936082,NaN
SRR27747743,0,0,2971,239,0,0,0,0,0,0,0,0,0,0,0,0,0,0,0,0,0,0,0,0,0,0,0,0,0,0,0,0,0,0,0,0,0,0,0,0,0,0,0,0,0,0,0,0,0,0,665,205,0,0,0,0,29,0,0,17,0,0,0,0,0,0,0,0,0,0,0,0,0,0,0,0,0,0,0,0,0,1131,0,0,406,12,0,0,0,0,0,2,0,0,0,0,0,0,0,0,0,0,0,0,0,0,0,0,0,18,0,0,0,0,377,0,0,8,5092,1246,0,0,155,0,0,0,0,1111,0,3,0,0,0,0,0,0,0,433,0,0,0,0,0,0,0,0,19,0,0,0,0,0,0,0,0,1123,0,0,0,0,0,0,0,0,0,0,0,0,0,314,0,0,0,0,0,0,0,0,0,0,0,0,0,0,0,0,0,0,0,0,0,0,0,0,0,4,0,0,0,248,0,0,0,0,0,0,0,0,0,0,0,0,0,0,0,0,0,616,195,0,0,0,0,0,0,0,0,0,1020,2914,0,0,0,259,0,0,CD,39.29863,male,F138,-0.000115,0.875586,White
SRR27747745,0,0,1869,0,0,3529,267,0,0,3937,0,0,0,32,0,0,0,0,0,0,0,0,0,0,0,0,0,0,0,0,0,0,0,0,156,0,0,505,0,576,0,0,0,0,211,0,148,0,0,0,0,32,0,0,0,0,0,0,39,0,0,0,0,144,0,0,0,0,0,0,0,0,0,0,0,0,0,0,0,0,0,8,0,0,1299,0,0,0,0,0,0,244,0,0,0,0,0,0,0,0,0,4,13,0,0,12,0,0,0,0,0,0,0,0,26,0,0,0,1581,493,0,0,15,0,7,0,152,98,0,0,0,0,0,0,0,5,0,31,49,0,0,0,0,0,0,0,0,0,0,0,0,0,0,0,109,37,65,0,0,0,0,0,0,0,0,0,0,40,6,6,0,0,0,0,0,0,0,0,5,0,0,0,0,2,0,0,0,0,0,0,223,0,9,0,0,6,0,0,0,36,0,0,0,0,0,0,0,0,0,0,0,0,0,0,0,0,0,51,68,51,0,0,0,0,0,0,7,12,1349,67,38,0,0,10,0,0,CD,15.972603,male,F147,-0.00143,0.707177,NaN
SRR27747748,0,675,987,11,3,1075,206,5,5,1727,0,0,0,0,0,0,0,0,0,0,910,0,0,0,0,0,0,0,0,0,0,974,0,0,156,0,0,0,0,268,0,0,0,0,6,0,89,0,0,0,0,68,0,0,0,0,11,0,12,0,0,0,0,336,0,1641,0,0,0,28,6,0,0,0,4,0,0,4,0,0,6,309,7,0,0,0,0,0,0,0,0,0,4,0,0,3,0,0,0,22,0,0,12,0,0,0,0,0,41,37,0,0,3,245,95,0,0,0,3819,351,823,0,0,0,0,0,0,0,0,6,0,0,0,0,0,173,0,21,0,0,0,14,0,16,0,667,3,0,0,0,0,0,0,0,0,7,0,0,0,0,0,18,0,0,0,3,22,146,11,5,0,0,0,0,0,0,6,208,4,0,0,0,0,0,136,0,0,559,0,0,0,0,0,0,1533,0,0,649,120,15,0,0,0,0,0,1997,0,0,0,0,5,0,863,0,0,0,0,0,0,253,0,33,0,0,0,0,0,14,844,454,129,0,0,0,6,0,CD,54.605479,male,F147,0.000399,0.6682,Black
SRR27747750,0,0,1028,8,0,2036,0,0,0,2633,0,0,0,44,0,0,0,0,0,0,0,0,0,0,0,0,0,0,0,0,0,3,0,0,0,0,0,6,0,3,0,0,0,0,0,0,0,0,0,0,0,1244,0,0,4,0,0,0,883,0,0,0,0,0,0,0,0,0,0,32,0,0,0,0,0,0,0,0,0,0,0,18,0,0,0,0,0,0,0,0,0,4981,9,0,0,0,0,0,0,0,0,0,103,0,0,0,409,0,0,0,0,0,0,0,28,0,0,0,979,808,27,0,0,0,0,0,0,0,0,27,0,0,0,0,0,0,0,51,0,0,0,0,0,0,0,0,0,0,0,0,0,0,0,50,0,36,0,76,0,0,0,0,0,0,0,5,6,0,0,19,0,0,0,0,0,0,0,0,0,0,740,0,0,0,0,0,0,0,1510,0,0,0,0,0,0,0,0,0,0,36,0,147,0,0,0,0,0,0,53,0,0,0,0,0,0,0,0,66,0,0,0,0,0,0,0,0,0,42,0,0,0,0,0,0,0,0,CD,7.715068,male,F178,-0.001955,0.846127,White
SRR27747751,0,0,600,0,0,0,0,0,0,1052,0,0,0,44,0,0,0,0,0,0,0,0,0,0,0,0,0,0,0,0,0,7389,0,0,0,0,0,0,0,0,0,0,0,0,0,0,0,0,0,0,0,282,0,0,5,0,0,0,239,0,0,0,0,0,0,0,0,0,0,0,0,0,0,0,0,0,0,0,0,0,0,5,0,0,0,0,0,0,0,0,0,1296,6,0,0,0,0,0,0,9,0,0,755,0,0,0,0,0,0,0,0,0,0,88,31,0,0,0,3210,965,950,0,0,0,0,0,0,0,0,0,0,0,0,0,0,0,0,0,0,0,0,0,0,0,0,172,0,0,0,0,0,0,0,11,0,35,0,0,0,0,0,0,0,4,0,299,9,0,0,0,0,0,0,0,0,0,0,0,0,0,0,0,0,0,0,0,0,0,4,0,0,0,4,0,0,75,0,0,0,0,0,0,0,0,0,0,0,174,31,0,0,0,153,0,0,0,0,296,0,109,0,0,0,0,0,0,0,24,0,0,115,0,0,7,0,0,CD,22.063014,male,F114,-0.001342,0.79416,White
SRR27747752,2,1366,1073,0,0,1004,95,8,2,1399,0,0,13,12,0,0,0,0,0,0,142,0,0,0,104,0,0,0,0,0,0,2274,0,0,302,0,0,81,2,168,0,0,0,649,39,0,0,0,0,0,0,68,0,0,0,0,0,0,0,4,0,0,8,95,41,0,0,0,0,6,0,0,22,0,6,0,0,0,0,0,0,14,0,0,620,0,20,0,0,0,0,1421,0,0,0,0,0,0,0,0,0,0,140,0,0,0,0,0,10,48,0,0,0,123,0,0,0,0,1390,275,852,0,0,0,0,14,61,0,0,16,0,0,0,0,0,530,0,0,0,60,0,20,0,0,0,605,0,0,0,0,0,0,0,623,0,127,0,79,0,2,0,0,0,0,0,0,0,28,0,0,3,0,0,0,0,42,0,114,0,0,0,0,0,0,0,0,0,0,0,0,13,0,0,0,0,235,0,556,62,0,0,0,0,0,0,405,0,526,20,12,0,0,260,0,0,0,0,32,9,168,0,18,0,0,74,0,0,263,432,292,12,0,67,0,0,0,Control,6.854795,female,F196,-0.002442,0.588843,NaN
SRR27747754,0,1410,1330,5,0,472,704,13,4,760,53,0,39,4,0,20,0,0,0,4,95,0,0,0,81,0,0,0,0,0,0,942,0,0,200,0,0,130,0,162,0,0,240,726,6,0,6,0,0,0,6,3,0,0,0,0,0,0,0,0,0,9,0,930,8,0,0,74,0,0,0,213,26,0,0,0,0,0,0,0,25,29,0,0,346,0,94,0,0,0,0,157,0,0,0,0,0,0,0,0,0,0,202,0,0,8,0,0,59,111,0,0,0,145,0,0,0,0,1579,321,898,0,0,0,0,56,84,0,0,0,0,0,0,0,7,603,0,6,0,255,0,21,0,0,0,226,7,0,0,0,0,0,0,1347,0,319,0,510,0,0,0,0,0,0,0,12,0,69,0,0,9,0,0,0,0,65,5,61,0,11,0,0,0,0,0,15,0,0,29,0,0,0,0,0,0,585,0,278,41,4,0,2,0,0,0,270,0,844,50,82,3,0,378,0,0,0,0,61,108,243,0,0,0,0,187,0,0,88,149,421,18,0,48,0,0,0,Control,8.778082,female,F196,-0.004757,0.661006,NaN
SRR27747755,11,470,2216,0,12,2036,14,86,0,967,67,0,25,3,0,10,0,0,0,5,16,0,0,6,105,2,0,0,0,0,0,4058,2381,0,731,0,0,65,0,100,0,0,405,4,24,0,93,0,0,0,0,11,0,5,0,0,0,0,0,7,0,18,15,410,0,0,0,5,0,13,0,49,25,0,3,0,0,8,0,0,243,22,0,0,105,0,30,0,0,0,0,4,0,0,0,0,0,0,0,59,0,0,404,0,0,26,0,0,18,59,0,0,0,102,70,0,0,0,1024,247,1005,0,0,0,0,31,17,0,0,0,0,0,0,0,24,580,0,11,11,132,0,10,0,0,0,139,4,0,0,0,0,0,0,279,0,39,0,116,0,3,0,0,0,0,0,0,0,16,0,0,55,0,0,0,0,0,0,162,9,13,0,0,0,0,0,18,0,0,0,0,0,0,0,0,0,480,0,1736,113,47,0,0,0,0,0,319,0,834,18,59,9,0,121,0,0,0,0,80,158,256,0,6,0,0,131,0,0,219,44,319,86,2,100,0,0,4,Control,10.69589,male,F196,-0.000613,0.661943,NaN
SRR27747758,0,0,0,0,0,0,0,0,0,14,0,0,0,0,0,0,0,0,0,0,0,0,0,0,0,0,0,0,0,0,0,0,2,0,0,0,0,0,0,0,0,0,0,0,0,0,0,0,0,0,7,34,0,0,5,0,0,2,0,0,0,0,0,0,0,0,0,0,0,0,0,0,0,0,0,0,0,0,0,0,0,0,0,0,0,0,0,0,0,0,0,16551,43,9,0,9,0,0,0,0,0,0,0,0,0,0,0,0,0,0,0,0,0,0,0,0,0,0,0,0,0,0,0,0,0,0,0,0,0,0,0,0,0,0,0,0,0,0,0,0,0,0,0,0,0,0,0,0,0,7,0,0,0,0,0,0,3,0,0,43,0,0,6,106,0,14,0,0,0,0,0,0,16,0,0,0,0,0,0,0,0,0,0,0,0,0,0,0,42,0,0,0,13,0,0,0,0,0,0,0,0,340,0,0,0,0,0,0,0,0,0,0,0,0,0,0,0,0,0,0,0,0,0,0,0,0,0,0,0,0,0,0,0,0,0,0,Control,0.482192,female,F196,-0.003498,0.957703,NaN
SRR27747761,0,2032,2124,3,0,4771,354,30,0,7480,0,0,0,12,0,0,0,0,0,0,0,0,0,0,0,0,0,0,0,0,0,0,0,0,232,0,0,9,3,0,0,0,0,0,61,0,0,0,0,0,0,426,0,0,6,0,0,0,37,0,0,0,0,212,0,0,0,0,0,29,0,0,0,0,0,0,0,0,0,0,0,17,0,0,1741,2,0,0,0,0,0,1932,0,0,0,0,0,0,0,110,0,0,1055,0,0,0,0,0,3,14,0,0,0,0,189,0,94,0,1960,1094,204,0,6,0,0,0,0,0,0,12,0,0,0,0,0,0,0,40,74,0,0,0,0,0,0,0,0,0,0,0,0,0,0,339,0,32,0,16,0,0,0,35,0,3,0,2,0,84,0,15,0,0,0,0,0,0,0,15,8,0,0,0,0,0,0,0,19,0,39,0,36,0,0,0,0,208,0,159,78,0,0,0,0,0,0,0,0,0,4,370,0,0,0,0,0,0,0,636,418,244,0,37,0,0,0,0,0,107,311,492,0,328,0,0,0,0,Control,2.189041,male,F196,-0.007142,0.694732,NaN
SRR27747770,4,67,3273,71,0,1130,998,20,9,2415,0,3,0,11,0,0,0,0,0,0,6,0,0,0,0,0,0,0,0,0,0,0,0,0,41,0,0,17,0,22,0,0,0,0,0,0,98,0,0,0,0,137,0,0,0,0,0,0,638,8,0,0,0,114,0,0,0,0,0,12,0,0,0,0,5,4,0,0,0,0,0,71,11,0,32,0,0,0,0,0,0,182,0,0,0,0,0,0,0,25,0,0,172,130,0,16,0,0,0,8,0,0,0,168,39,0,0,0,1087,638,21,0,48,0,0,0,0,0,0,9,0,0,0,0,0,18,0,50,0,0,0,0,0,0,0,0,2,0,0,0,0,0,0,157,0,0,0,0,0,0,0,37,0,0,0,0,0,34,56,8,0,0,0,0,0,0,0,0,152,0,0,0,0,0,0,0,9,0,0,0,0,0,0,0,410,6,0,0,0,53,0,0,3,12,0,0,0,0,12,90,0,0,455,0,0,0,0,0,0,58,0,99,0,0,0,0,0,0,526,249,0,4,0,35,0,0,CD,40.561644,male,F161,-0.001451,0.696553,White
SRR27747771,0,2028,2103,8,3,1471,15,47,0,1435,22,0,0,0,0,0,0,0,0,0,797,0,0,0,0,13,0,0,0,0,0,0,0,0,155,0,0,80,0,155,0,0,0,0,11,0,27,0,0,0,0,5,0,3,0,0,0,0,0,0,0,2,5,129,0,0,47,0,0,5,0,0,0,3,3,0,0,0,0,0,30,344,22,0,517,0,0,0,5,0,0,877,0,0,0,0,0,0,0,38,0,0,376,0,0,13,0,0,0,9,0,0,0,0,205,0,86,0,2730,545,761,0,0,0,0,24,63,0,0,20,0,0,0,0,0,638,0,10,38,25,0,0,0,0,0,405,0,0,0,0,0,0,0,29,0,32,0,0,0,0,0,0,0,9,0,10,0,5,0,0,0,0,0,3,32,0,0,23,49,0,0,0,0,0,9,0,0,0,0,0,22,0,0,0,0,14,0,279,13,18,0,0,0,0,0,0,0,0,4,71,7,0,217,0,0,0,0,63,55,154,0,24,0,0,0,0,0,20,67,153,0,0,0,0,0,0,CD,37.613699,male,F134,NaN,0.615924,NaN
SRR27747772,2,207,709,0,0,3279,62,6,5,2341,4,0,0,6,0,0,0,0,0,0,0,0,0,0,0,2,0,0,0,0,0,0,0,0,76,0,0,22,0,21,0,0,146,0,19,0,15,0,0,0,11,8,0,0,0,0,0,0,11,0,0,0,0,84,0,0,0,0,0,15,63,0,0,0,0,0,0,0,0,0,27,35,0,5,101,0,0,0,0,0,0,873,0,0,0,0,0,0,0,35,4,0,213,0,0,0,0,0,0,0,0,0,0,85,0,0,0,0,855,481,251,0,0,0,0,0,44,0,0,0,0,0,0,0,0,46,0,0,0,38,0,0,0,0,0,140,0,0,0,0,0,0,0,32,0,40,0,81,0,3,0,3,0,0,0,4,0,112,4,5,0,0,0,0,0,0,0,10,9,0,0,0,0,0,10,0,0,31,0,0,166,0,0,0,3,295,0,78,25,9,0,3,0,0,0,0,0,0,3,69,0,0,0,0,0,0,0,376,1009,70,0,23,0,0,0,0,0,0,659,106,112,88,0,0,0,0,CD,40.309589,male,F167,-0.003645,0.596148,White
SRR27747779,0,0,969,40,0,4289,0,0,2,3536,0,0,0,46,0,0,0,0,0,0,0,0,0,0,0,0,0,0,2,0,0,0,0,0,4,0,2,70,0,0,0,0,0,0,0,0,0,0,0,8,268,0,11,0,4,0,0,3,106,14,0,0,0,0,0,0,0,0,0,0,0,0,0,0,0,0,0,0,0,0,0,12,0,0,7,0,0,0,0,0,0,2561,5,0,0,0,0,0,0,139,0,0,1055,0,0,0,0,0,0,6,0,0,0,0,93,0,0,0,1259,7,0,0,238,0,0,0,0,306,0,42,6,0,0,0,0,0,0,128,16,0,0,0,0,0,0,0,3,0,0,0,0,0,0,101,20,213,0,165,0,0,0,0,0,0,0,39,0,0,51,66,0,0,0,20,17,3,0,0,0,0,0,0,0,0,96,0,0,0,11,0,14,10,0,0,0,68,0,98,0,76,0,15,0,0,0,0,0,0,25,0,0,0,0,0,0,0,0,52,0,0,0,31,0,0,0,0,0,14,0,0,0,434,0,0,0,0,CD,12.276712,male,F102,-0.001359,0.779052,White
SRR27747781,0,0,2300,20,0,2417,609,67,8,4020,0,0,0,21,0,32,4,0,0,0,0,0,0,0,0,0,0,0,0,0,0,0,0,0,9,0,0,0,0,78,0,8,0,0,32,0,43,0,0,0,0,0,0,0,0,0,0,0,223,6,0,0,6,0,0,0,0,0,0,33,0,0,11,0,0,0,0,0,0,0,0,45,0,0,540,0,0,0,0,0,0,460,0,3,0,0,0,0,0,0,0,0,761,51,0,0,0,4,0,0,0,0,0,0,43,0,0,0,2482,916,274,0,21,0,0,0,0,25,7,14,3,0,0,10,0,247,0,104,0,0,0,0,0,0,0,0,0,0,0,0,0,0,0,5,0,147,0,0,0,0,0,0,0,0,0,0,4,186,20,5,0,0,0,0,0,0,0,0,0,0,0,0,3,0,0,0,0,0,7,0,250,0,0,3,0,0,0,0,0,52,6,0,146,0,0,0,0,0,3,258,0,0,0,0,0,0,0,43,633,0,0,0,0,0,0,0,0,57,0,84,0,0,0,0,4,3,CD,55.550685,female,F164,-0.001786,0.699385,White
SRR27747782,0,2060,1391,25,0,2777,1375,19,6,1913,298,0,0,0,0,96,0,0,0,0,158,3,0,2,0,25,0,0,0,0,0,0,0,0,1281,0,0,506,118,106,0,0,0,177,76,0,42,0,0,0,12,0,0,0,0,0,0,0,0,14,0,3,0,594,0,0,0,0,0,0,0,0,684,2,7,0,0,9,0,2,206,89,38,0,2699,0,25,0,0,0,0,5110,0,0,20,0,0,0,0,17,0,0,245,22,0,13,0,3,0,31,0,0,0,0,22,0,25,8,1213,392,0,0,7,0,0,0,0,157,0,0,0,0,0,0,13,82,0,16,75,30,0,0,0,0,0,0,0,0,0,0,0,0,0,623,0,139,43,0,0,0,12,0,0,0,0,0,0,25,6,0,5,0,0,0,92,13,11,315,6,0,0,0,83,0,108,0,0,0,0,0,662,0,0,0,0,657,0,1064,25,42,0,0,0,0,0,0,25,0,180,106,0,0,0,0,0,0,0,54,115,152,0,21,14,2,0,0,2,78,84,0,230,6,0,0,0,0,CD,25.079452,male,F137,0.000513,0.658913,White
SRR27747784,64,1111,2198,4,0,2762,224,2,0,2248,0,0,0,7,0,0,0,2,0,0,384,0,0,0,0,0,0,0,0,0,0,0,0,0,0,0,57,0,0,0,0,0,0,0,0,0,0,0,0,0,0,16,0,0,38,0,0,0,0,0,0,11,0,0,0,0,0,0,0,20,0,0,0,0,0,0,0,0,0,0,0,11,0,0,712,0,0,0,0,0,0,407,0,0,0,0,0,0,0,97,0,0,145,0,0,0,0,0,0,11,15,0,0,41,9,0,0,0,680,394,290,0,0,0,0,15,89,0,0,0,0,0,0,0,32,139,0,23,39,22,0,0,0,0,0,203,0,0,0,0,0,0,0,389,0,148,0,27,0,0,0,39,0,0,0,7,0,107,0,0,0,0,0,0,0,0,0,0,31,0,0,0,0,0,9,0,122,0,27,0,234,0,0,0,0,91,0,84,97,0,0,0,0,0,0,0,0,0,14,156,0,0,0,0,0,0,0,155,349,78,15,42,0,0,26,0,0,42,1258,146,207,0,0,0,0,0,CD,35.446575,female,F157,-0.001172,0.58352,White
SRR27747788,0,620,931,31,0,2393,4,8,38,3015,3,0,0,74,0,0,0,79,16,0,0,0,0,0,0,0,0,0,0,0,0,0,0,0,84,0,0,16,0,20,0,0,0,0,0,0,25,0,0,0,0,9,0,0,0,0,0,0,25,3,0,0,0,224,0,0,0,0,0,0,0,2,0,0,0,0,0,0,0,0,0,121,4,0,0,0,0,0,0,0,0,3475,3,0,0,0,0,0,0,31,3,0,1531,0,0,9,0,0,8,11,0,0,0,455,11,0,27,0,3252,0,999,0,8,0,0,14,0,28,0,0,5,0,5,18,8,50,0,40,0,133,0,0,0,0,0,237,20,0,0,0,0,0,0,704,0,158,0,0,0,0,0,0,0,0,0,13,8,94,21,8,0,0,0,0,0,0,0,0,6,0,0,0,0,0,0,0,0,0,0,0,347,0,0,0,0,0,0,358,271,25,0,0,0,0,0,0,0,0,7,504,2,0,0,0,0,0,0,293,116,293,0,16,0,0,0,0,0,68,448,19,39,0,0,0,0,0,CD,21.975342,male,F150,0.000034,0.622189,NaN
SRR27747791,0,0,4203,115,0,0,5,0,0,2223,0,0,0,695,0,0,0,0,0,0,0,0,0,0,0,0,0,0,0,0,0,0,0,0,0,0,4,15,0,0,0,0,0,0,0,0,0,0,0,0,0,0,0,0,0,0,26,0,277,0,0,0,0,0,0,0,0,0,0,0,0,0,0,0,0,0,0,0,0,3,0,1154,0,0,0,10,0,0,14,0,0,2,2,0,0,0,0,0,0,0,0,0,70,0,0,0,0,0,0,0,0,0,0,0,4346,0,0,0,7537,0,0,0,0,0,0,0,0,607,0,78,0,0,0,0,212,0,6,48,0,0,0,0,0,0,0,0,13,0,0,0,0,0,2,0,0,50,0,0,0,0,0,0,0,0,0,23,2,0,325,340,0,0,0,0,0,0,0,0,4,0,0,0,0,0,0,0,0,0,0,0,0,0,0,0,0,0,0,0,0,78,0,0,0,0,0,0,0,0,0,0,0,0,0,0,0,0,0,0,0,0,0,0,0,0,0,0,0,0,0,0,0,81,0,0,0,0,CD,18.282192,male,F150,-0.002411,0.934728,NaN
SRR27747798,5,2640,1402,0,40,2339,503,49,20,2543,133,0,18,10,109,0,0,0,0,0,24,0,0,2,0,10,0,0,0,0,0,0,0,0,421,0,0,66,0,65,0,0,464,0,26,0,39,7,0,0,3,0,0,0,0,0,0,0,0,17,0,2,5,320,0,0,0,44,0,9,3,0,6,0,6,0,0,8,0,0,71,26,4,0,217,0,12,0,0,0,0,1258,0,0,0,0,0,0,0,53,0,0,355,0,0,9,0,0,22,24,0,0,0,0,58,0,48,0,1358,182,259,0,0,0,0,70,0,0,0,0,0,0,0,0,7,911,0,0,49,62,8,0,0,0,0,105,0,0,0,0,0,0,0,621,0,155,0,7,0,0,0,15,0,0,0,10,0,41,0,0,47,0,0,0,0,8,0,26,8,0,0,0,0,0,3,0,401,0,14,0,0,0,0,0,0,210,0,913,82,0,0,0,0,0,0,0,0,0,0,50,0,0,288,0,0,0,0,179,0,156,0,14,0,0,31,0,0,33,325,61,149,74,0,0,0,0,Control,16.087671,female,F102,-0.00207,0.551458,NaN
SRR27747799,0,842,765,0,70,817,732,3,18,336,401,0,41,0,502,4,0,0,0,0,784,0,0,0,0,0,0,0,0,0,0,727,0,0,211,0,0,183,0,26,0,0,104,0,5,0,20,0,0,0,0,0,0,0,0,0,0,0,0,10,0,17,23,56,0,0,0,57,0,6,0,10,259,0,0,0,5,4,0,0,274,111,6,0,32,0,0,21,0,0,0,723,0,0,0,0,0,0,0,77,0,0,351,0,0,3,0,0,13,64,0,0,0,386,70,0,33,0,1687,1711,907,0,0,0,0,208,95,0,0,0,0,0,0,0,0,524,0,0,78,198,0,0,0,0,0,29,0,0,0,0,0,0,0,364,0,226,0,97,0,0,0,3,0,0,0,0,0,13,0,0,45,0,0,0,0,0,0,337,0,0,0,0,0,0,5,4,4,0,0,0,0,0,0,0,0,204,0,610,44,25,0,0,0,0,0,0,0,29,5,75,0,0,72,0,0,0,0,6,45,158,0,81,0,0,86,0,3,147,55,228,77,25,147,0,0,0,Control,14.512329,female,F102,-0.002344,0.606822,White
SRR27747801,0,589,1251,0,0,2485,4,6,0,2963,0,0,0,4,0,0,0,0,0,0,0,0,0,0,0,0,0,0,0,0,0,0,0,0,9,0,0,6,0,175,0,0,0,0,5,0,17,0,0,0,0,15,0,0,0,0,0,0,32,0,0,0,0,324,0,0,0,0,0,93,0,0,0,0,0,0,0,0,0,0,0,77,0,0,55,12,0,0,3,0,0,7605,8,0,0,0,0,0,0,104,0,0,1102,0,0,0,0,0,0,4,0,0,0,83,811,0,0,0,3138,959,780,0,0,0,0,0,108,0,0,0,0,0,0,0,3,213,0,0,0,0,0,0,0,0,0,0,0,0,0,0,0,0,0,199,0,53,0,29,0,0,0,112,0,0,0,20,0,297,0,4,0,0,0,0,0,0,0,0,0,0,0,0,0,0,0,0,0,0,0,0,110,0,3,0,0,4,0,52,9,0,0,0,0,0,0,0,0,0,0,119,0,0,0,0,0,0,0,619,0,433,0,80,0,0,0,0,0,31,1308,442,153,703,0,0,0,0,CD,31.046575,female,F146,-0.002867,0.585275,NaN
SRR27747803,0,1034,957,6,3,3087,21,34,8,1941,17,0,3,16,0,0,5,0,0,0,12,0,0,0,0,0,0,0,0,0,0,0,0,0,249,0,0,99,0,177,0,0,83,0,57,0,21,0,0,0,0,0,0,0,0,0,0,0,0,20,0,0,0,128,0,0,0,0,0,72,20,0,0,0,9,0,5,0,0,0,0,59,4,0,329,10,0,0,0,0,0,4200,0,0,0,0,0,0,0,40,0,0,381,0,0,0,0,0,4,5,0,0,0,92,34,0,0,0,961,1750,217,0,0,0,0,0,160,0,0,0,0,0,0,0,0,230,0,10,8,40,0,0,0,0,0,661,7,0,0,0,0,0,0,7,0,115,0,0,20,0,0,2,0,0,0,10,0,0,0,4,0,0,0,0,0,0,16,31,0,0,0,0,16,0,0,0,0,0,0,0,20,0,0,0,0,42,0,891,46,19,0,0,4,0,0,0,0,0,0,65,0,0,0,0,0,0,0,301,0,297,0,46,0,0,0,0,0,150,1501,221,45,24,0,0,0,0,Control,22.975342,female,F125,-0.001818,0.551766,White
SRR27747804,0,705,952,11,0,2145,802,8,3,2326,3,0,0,2,0,17,0,0,0,0,123,0,0,0,84,0,0,0,0,0,0,0,0,0,283,0,0,128,0,61,0,0,130,0,19,0,22,0,0,0,0,3,0,0,0,0,0,0,0,6,0,0,0,34,0,0,5,0,0,43,0,0,0,0,0,0,0,0,0,0,24,34,0,0,138,0,13,5,0,0,0,2012,0,0,0,0,0,0,0,38,0,0,390,0,0,3,0,0,11,14,0,0,0,100,64,0,0,0,1927,646,274,0,0,0,0,30,95,0,0,0,0,0,0,0,0,719,0,0,3,693,0,0,0,0,0,326,0,0,0,0,0,9,0,42,0,22,0,21,6,0,0,0,0,0,0,43,0,42,0,0,4,0,0,0,0,0,0,61,5,0,0,0,0,0,7,0,13,0,3,0,0,0,0,0,0,135,0,581,53,20,0,0,0,0,0,0,0,67,0,43,0,0,165,0,0,0,0,121,143,292,0,27,0,0,48,0,0,77,288,37,224,0,0,0,0,0,Control,23.821918,male,F107,0.00065,0.565055,White
SRR27747809,0,717,568,15,0,1291,1205,30,7,1672,37,0,0,0,117,6,0,0,0,0,86,0,0,0,23,0,0,0,0,0,0,0,0,0,70,0,0,56,0,136,0,0,45,0,3,0,54,65,0,0,0,0,0,0,0,5,0,0,0,2,0,0,0,236,0,0,0,31,0,4,0,0,47,13,0,0,0,0,0,0,56,24,7,0,986,0,6,5,3,0,0,1633,2,0,0,0,0,0,0,17,4,0,67,0,0,3,0,0,32,22,0,0,0,71,47,0,13,0,1007,506,264,0,7,0,0,15,22,11,0,6,0,0,0,0,0,185,0,0,7,72,9,13,0,0,0,268,0,0,0,0,0,0,0,139,0,0,0,0,0,0,0,0,0,0,0,0,0,20,0,0,4,0,0,0,0,0,16,98,0,0,0,0,249,0,67,0,0,0,0,0,14,0,0,0,0,20,0,949,17,42,0,0,0,0,0,0,0,130,0,20,0,0,226,0,0,2,0,36,0,242,0,42,0,0,13,0,0,12,2558,94,106,93,197,0,0,0,Control,30.775342,male,F102,-0.000473,0.589209,White
SRR27747813,0,1865,1757,0,0,3042,1020,11,0,1635,7,0,0,0,0,0,0,0,0,0,0,0,0,0,0,0,0,0,0,0,0,0,0,0,139,0,0,20,0,129,0,0,97,0,9,0,7,0,0,0,0,0,0,0,0,0,0,0,0,0,0,0,0,82,0,0,0,0,0,56,4,0,17,0,4,0,0,0,0,0,5,48,0,0,408,0,0,0,0,0,0,4360,5,0,0,0,0,0,0,55,0,0,823,0,0,2,0,0,0,7,0,0,0,158,6,0,10,0,2400,710,495,0,0,0,0,23,74,0,0,0,0,0,0,0,6,425,0,0,27,66,0,3,0,0,0,634,0,0,0,0,0,0,0,39,0,268,0,247,12,0,0,0,0,0,0,18,28,36,0,0,3,0,0,0,0,0,0,12,0,0,0,0,176,0,0,0,11,0,9,0,157,0,0,0,0,195,0,242,43,0,0,0,0,0,0,170,0,175,52,8,0,0,21,0,0,0,0,62,69,194,0,115,0,0,61,0,0,285,685,129,134,7,0,0,0,0,Control,29.547945,male,F115,-0.00117,0.515894,White
SRR27747814,0,986,620,6,0,1182,1315,0,5,697,198,0,0,6,0,0,4,0,0,0,148,0,0,0,26,0,0,0,0,0,0,123,0,0,4,0,0,36,14,0,0,0,0,4,4,0,0,4,0,0,0,0,0,0,0,0,0,0,0,12,2,0,0,136,16,0,0,0,0,32,0,112,538,0,0,0,0,0,0,0,113,41,0,0,130,0,0,0,0,0,0,1659,2,0,0,0,0,0,0,0,0,0,268,0,0,2,0,0,7,10,0,0,0,65,0,0,0,0,1285,829,149,0,0,0,0,0,14,6,0,0,0,0,0,0,0,399,0,0,30,107,0,0,0,0,0,6,4,4,0,0,0,0,0,849,0,84,0,37,0,0,0,0,0,0,0,44,10,143,0,0,2,0,0,0,0,0,0,134,0,22,0,0,3,0,0,0,41,0,0,0,35,0,0,0,4,117,0,141,56,0,0,0,0,0,0,0,0,6,12,17,0,6,0,0,0,0,0,18,13,222,0,58,0,0,0,0,0,19,303,105,200,0,11,0,0,0,Control,23.246575,female,F102,-0.004739,NaN,White
SRR27747820,0,1262,558,0,0,2878,0,31,2,1824,5,0,0,11,0,6,0,0,0,0,0,0,0,0,0,0,0,0,0,0,0,0,0,0,34,0,0,6,0,111,0,0,0,0,0,0,35,0,0,0,0,0,0,0,0,0,0,0,12,0,0,0,0,151,0,0,0,0,0,4,0,0,0,0,0,0,0,0,0,0,0,10,0,0,0,0,0,0,0,0,0,2921,0,0,0,0,0,0,0,42,0,0,272,0,0,0,0,0,0,6,0,0,0,115,155,0,0,0,1805,866,331,0,0,0,0,18,91,0,0,0,0,0,0,0,0,179,0,9,0,40,0,0,0,0,0,32,0,0,0,0,0,0,0,9,0,0,0,0,0,0,0,16,0,0,0,2,0,22,0,0,0,0,0,0,0,0,0,35,23,0,0,0,0,0,0,0,0,0,3,0,0,0,0,0,0,0,0,52,18,9,0,0,0,0,0,0,0,376,0,257,0,0,154,0,0,0,0,14,70,137,0,110,15,0,0,0,0,50,440,367,0,35,0,0,0,0,Control,16.131507,male,F102,-0.000728,0.592743,White
SRR27747829,7,352,1221,0,125,1004,134,83,31,119,61,0,46,0,0,6,0,0,0,0,0,24,0,0,15,2,0,0,246,0,173,4933,0,103,138,0,0,73,0,135,0,0,30,422,4,0,24,78,0,0,0,0,0,26,0,0,0,0,0,7,0,26,39,555,0,0,0,33,0,12,2,93,61,2,3,0,0,6,0,0,167,23,0,0,216,0,10,0,0,0,0,3,0,0,0,0,0,0,0,31,0,0,170,0,0,6,0,0,39,47,0,4,0,171,17,0,0,0,1425,188,749,0,0,0,0,117,14,0,0,0,0,0,0,0,0,209,0,0,9,116,2,9,41,0,0,146,0,0,0,0,79,0,0,491,0,20,0,41,0,0,0,0,0,0,0,0,0,2,0,0,120,0,0,0,0,0,0,128,8,0,0,0,0,0,22,4,12,0,0,11,0,0,0,0,0,281,4,677,70,8,0,0,0,0,0,893,0,222,3,6,0,0,107,0,0,4,0,26,79,92,0,0,22,0,71,0,0,66,0,182,157,0,3,0,0,0,Control,31.39726,male,F196,-0.003575,0.699363,NaN
SRR27747830,0,30,636,11,0,2453,0,13,0,3440,0,0,0,0,0,0,0,0,0,0,0,0,0,0,0,0,0,0,0,0,0,0,0,0,179,0,2,44,4,96,3,0,57,0,9,0,0,0,0,0,0,0,0,0,0,0,0,0,113,0,0,0,0,0,0,0,0,0,0,12,0,0,0,0,0,0,0,0,0,0,0,7,0,0,0,0,0,0,0,0,0,103,0,2,0,0,0,0,0,70,2,0,433,0,0,0,0,0,0,6,0,0,0,104,12,0,0,0,1739,538,372,0,0,0,0,0,98,0,0,0,0,0,0,0,4,82,0,11,0,14,0,0,0,0,0,386,0,0,0,3,0,0,0,77,0,47,0,0,0,0,0,15,0,0,0,4,17,0,0,18,0,0,0,0,0,0,0,26,24,0,0,0,0,0,0,0,0,0,0,0,183,0,0,0,0,34,0,263,32,32,0,0,0,0,0,0,0,0,3,459,3,0,0,0,0,0,0,131,0,101,0,93,0,0,0,0,0,79,808,91,138,210,0,0,0,0,CD,44.835616,female,F154,-0.000922,0.633724,White
SRR27747832,0,0,5103,465,0,20,4,0,0,8940,4,0,0,1003,0,0,0,0,0,0,0,0,0,0,0,0,0,0,5,0,0,0,4,0,511,0,0,34,0,0,0,0,0,0,0,0,0,0,0,0,0,0,2,0,0,0,0,0,298,0,0,0,0,0,0,0,0,0,0,12,0,0,0,0,0,0,0,0,0,0,0,363,0,0,0,22,0,0,0,0,0,8,8,0,0,3,0,27,0,17,0,0,790,6,0,0,0,0,0,0,0,0,0,255,417,0,0,0,514,778,0,0,0,0,0,0,0,55,0,8,17,0,0,0,0,11,0,123,0,0,0,0,0,0,0,0,5,0,0,14,0,0,0,0,0,0,3,0,0,0,0,0,0,0,0,8,0,44,609,4,0,0,0,15,0,0,0,0,0,0,0,0,0,0,0,0,8,0,5,0,0,0,5,0,0,4,0,0,0,116,0,8,0,8,0,0,0,0,0,0,0,0,0,0,0,0,0,687,0,495,0,0,0,0,0,0,0,4,0,0,0,0,0,4,0,0,CD,21.465753,female,F186,-0.002631,0.898051,White
SRR27747833,0,328,2603,0,0,3353,0,72,0,3211,0,0,0,0,0,0,0,0,0,0,6,0,0,0,0,10,0,0,0,0,0,0,0,0,34,0,0,20,0,324,0,0,0,0,38,0,68,0,0,0,0,42,0,0,0,0,0,0,14,0,0,0,0,0,0,0,0,0,0,7,0,0,0,0,0,0,0,0,0,0,0,23,0,0,0,0,0,0,0,0,0,982,0,0,0,0,0,0,0,55,0,0,506,0,0,0,0,0,0,0,0,0,0,0,275,0,0,0,2309,0,248,0,11,0,0,0,0,0,0,0,0,0,0,0,0,11,0,19,0,0,0,0,0,0,0,63,0,0,0,0,0,0,0,24,0,0,0,0,0,0,0,38,0,0,0,0,0,0,0,12,0,0,0,0,0,0,0,0,0,0,0,0,0,0,0,0,0,0,0,0,0,0,0,0,0,0,0,0,0,13,0,0,7,0,0,0,0,0,0,243,0,0,246,0,0,0,0,0,0,195,0,11,0,0,0,0,0,309,0,548,0,84,0,0,0,0,CD,33.972603,male,F132,-0.001026,0.698344,White
SRR27747835,0,226,1272,0,0,1384,0,0,0,2321,3,0,0,54,0,0,0,0,0,0,0,0,0,0,0,0,0,0,0,0,0,0,0,0,57,0,0,0,0,0,0,0,0,0,0,0,0,0,0,0,0,6,0,0,3,0,0,0,522,0,0,0,0,0,0,0,0,0,0,5,3,0,0,0,0,0,3,0,0,0,0,87,6,0,107,0,0,0,0,0,0,147,10,0,0,0,0,0,0,0,0,0,361,0,0,0,0,0,0,5,0,0,0,0,133,0,0,0,2486,1329,0,0,0,0,0,0,0,71,0,0,0,0,0,0,5,0,0,30,0,0,0,0,0,0,0,0,0,0,0,0,0,0,0,126,0,84,0,0,0,0,0,11,0,0,0,5,0,0,0,8,0,0,0,0,0,0,0,0,48,0,0,0,0,0,0,0,0,0,9,0,0,0,0,0,0,8,0,9,14,12,0,0,0,0,3,0,0,0,8,0,3,0,167,0,0,0,0,179,0,212,0,0,0,0,0,0,0,62,962,30,164,0,0,0,0,0,CD,19.673973,male,F186,-0.001782,0.668894,White
SRR27747836,0,1061,1544,0,0,3970,260,2,3,848,6,0,0,4,0,0,0,0,0,0,3,0,0,0,0,0,0,0,0,0,0,0,0,0,53,0,0,0,0,0,0,0,0,0,6,0,22,0,0,0,0,0,0,0,3,0,0,0,5,0,0,0,0,22,0,0,0,0,4,0,0,0,0,2,0,0,0,0,0,0,3,188,0,0,410,0,0,0,0,0,0,1916,3,0,0,0,0,0,0,42,0,0,358,0,0,4,0,0,0,0,0,0,0,337,10,0,0,67,2894,460,0,0,0,0,0,0,0,24,0,0,0,0,0,5,0,0,0,5,0,138,0,0,0,0,0,0,0,0,0,0,0,0,0,232,0,8,0,0,0,0,0,0,0,0,0,43,0,57,0,0,0,0,0,0,0,0,0,0,13,0,0,0,3,0,0,0,0,0,10,0,58,0,0,0,0,31,0,0,19,4,0,0,0,0,0,0,0,0,33,0,0,0,0,0,0,0,0,0,61,349,0,15,0,0,0,0,0,81,513,140,573,0,46,0,0,0,CD,17.271233,male,F186,0.000022,0.606208,White
SRR27747901,0,0,2230,9,0,6398,124,16,2,3606,11,0,0,101,0,0,0,0,0,0,61,0,0,0,0,0,0,0,0,0,0,0,0,0,25,0,0,15,0,0,0,0,0,0,69,0,48,0,0,0,0,13,0,0,11,0,0,0,581,12,0,0,0,333,0,0,0,0,0,81,0,0,0,0,0,0,0,0,5,0,0,192,5,0,113,0,0,0,0,0,0,1798,0,0,0,0,0,0,0,85,4,0,577,0,0,0,0,0,0,0,0,0,0,291,37,0,0,0,1346,1129,448,0,0,0,0,0,0,20,0,34,0,0,0,0,0,112,0,85,13,0,0,0,0,0,0,520,0,5,0,0,0,0,0,219,0,237,0,106,4,0,0,0,0,0,0,295,4,56,0,8,0,0,0,0,0,0,24,0,3,0,0,0,0,0,0,0,20,0,32,0,0,95,0,0,0,149,0,178,0,34,0,0,0,0,0,0,0,0,17,232,6,0,0,4,0,0,0,58,15,233,0,100,0,0,0,0,0,947,501,996,79,5,0,0,0,0,Control,1.90411,female,F115,-0.001377,0.604881,NaN
SRR27747905,25,2188,1152,24,0,3971,903,0,6,4143,17,0,0,7,0,0,0,0,0,0,82,0,0,0,0,0,0,0,0,0,0,0,0,0,395,0,0,80,85,0,0,0,0,0,0,0,0,0,0,0,0,0,0,0,0,0,0,0,0,12,0,6,0,526,0,0,0,0,0,81,0,0,0,0,10,0,0,0,2,0,0,290,0,0,1299,0,0,0,0,0,0,6605,0,0,0,0,0,0,0,0,0,0,228,0,0,11,0,0,0,7,0,0,0,44,10,0,0,0,1454,857,428,0,0,0,0,9,0,6,0,12,0,0,0,0,0,172,0,13,29,284,0,0,0,0,0,227,2,0,0,0,0,2,0,247,0,152,0,44,11,0,0,0,0,0,0,7,5,12,0,0,6,0,0,0,0,0,0,0,4,17,0,0,0,0,0,0,12,0,0,0,239,0,0,0,0,92,0,548,92,14,0,0,0,0,0,0,0,0,15,7,0,0,0,0,0,0,0,65,0,312,0,25,0,0,0,0,0,63,243,126,26,5,0,0,0,0,Control,6.824658,female,F115,-0.003441,0.568121,NaN
SRR27747908,0,758,979,8,0,4813,975,2,0,3359,190,0,6,0,38,39,0,0,0,0,30,0,6,29,0,0,0,0,0,0,0,0,0,0,203,7,0,187,16,390,0,19,0,0,20,0,39,0,0,0,0,17,0,0,0,0,0,0,0,8,0,22,16,445,0,7,0,0,0,68,0,2,865,2,0,0,0,7,0,0,260,115,8,0,347,0,11,0,0,0,0,1701,0,0,0,0,0,0,0,0,4,0,84,0,0,5,0,0,10,11,0,0,0,39,10,0,23,0,1409,496,470,0,13,0,0,8,40,0,0,12,0,0,0,0,7,1152,0,7,51,737,0,0,0,0,0,186,3,0,0,0,0,0,0,279,0,66,0,86,12,0,0,11,0,0,0,4,3,21,0,0,9,0,0,0,0,0,13,104,6,0,0,0,0,0,29,0,30,0,0,0,14,0,0,0,0,97,0,483,13,36,0,0,0,14,0,197,0,0,5,0,4,0,240,0,0,0,0,318,120,186,0,119,0,0,9,0,0,38,2308,85,163,58,0,0,0,0,Control,33.479452,female,F115,-0.004041,0.547771,NaN
SRR27747910,0,956,934,0,0,4050,1219,13,4,4382,9,0,0,5,0,0,0,0,0,0,4,0,0,0,0,0,0,0,0,0,0,0,0,0,318,0,0,77,18,413,0,0,0,0,29,0,48,0,0,0,0,8,0,0,0,0,0,0,0,0,0,6,0,124,0,0,0,0,0,109,7,0,0,0,5,0,0,0,0,0,31,38,0,0,1245,0,0,0,0,0,0,2345,0,0,0,0,0,0,0,51,0,0,173,0,0,4,0,0,0,4,0,0,0,118,128,0,57,0,1772,535,324,0,7,0,0,0,120,0,0,0,0,0,0,0,0,134,0,17,0,60,0,0,0,0,0,54,0,0,0,0,0,0,0,8,0,0,0,0,15,0,0,130,0,0,0,2,0,36,0,0,0,0,0,0,0,0,15,92,13,0,0,0,3,0,0,0,0,0,0,0,372,0,0,0,0,26,0,381,60,48,0,0,0,0,0,0,0,0,0,45,2,0,0,0,0,6,0,223,40,99,0,50,0,0,0,0,0,73,1785,277,101,12,0,0,0,0,Control,31.90137,male,F115,-0.001955,0.55355,NaN
SRR27747911,0,573,1378,5,0,2841,1047,3,5,4271,38,0,0,4,0,0,0,0,0,0,43,0,0,0,0,0,0,0,0,0,0,5,0,0,163,0,0,81,19,53,0,0,0,0,13,0,0,0,0,0,0,0,0,0,0,0,0,0,69,0,0,2,0,84,0,0,0,0,0,118,0,0,0,0,0,0,4,6,0,0,65,28,0,0,0,0,0,0,0,0,0,2500,0,0,0,0,0,0,0,43,0,0,317,0,0,10,0,0,8,4,0,0,0,66,51,0,0,0,1654,586,285,0,0,0,0,0,70,0,0,0,0,0,0,0,7,189,0,0,32,48,0,0,0,0,0,70,4,0,0,0,0,0,0,227,0,87,0,21,0,0,0,0,0,0,0,0,6,27,0,0,9,0,0,2,0,0,42,65,0,0,0,0,0,0,0,0,85,0,0,0,233,0,0,0,0,2,0,443,64,15,0,0,0,0,0,0,0,0,0,61,0,0,0,0,0,0,0,169,65,103,0,12,0,0,0,0,0,124,3396,135,213,0,0,0,0,0,Control,9.449315,male,F115,-0.002108,0.561441,NaN
SRR27747912,0,1579,732,29,0,5062,905,0,6,2864,15,0,0,5,0,0,4,0,0,0,0,0,0,0,0,0,0,0,0,0,0,0,0,0,434,0,3,177,0,0,0,0,0,0,16,0,31,0,0,0,0,0,0,0,3,0,0,0,0,7,0,31,0,318,0,0,0,0,0,15,0,0,0,0,5,0,3,5,0,0,224,84,11,0,59,4,0,0,0,0,0,4974,0,0,0,0,0,0,0,0,3,0,714,0,0,4,0,0,23,38,0,0,0,184,149,0,44,0,2219,703,697,0,11,0,0,0,42,12,0,14,0,0,0,0,14,0,0,8,160,64,0,0,5,0,0,178,10,0,41,0,0,0,0,430,0,129,0,262,15,0,0,0,0,0,0,74,0,17,0,2,17,0,0,0,0,5,0,45,0,13,0,0,0,0,0,0,252,0,4,0,348,0,0,0,0,150,0,916,107,22,0,0,0,0,0,0,0,0,83,26,3,0,0,0,0,0,5,106,38,324,0,17,0,0,0,0,0,266,258,272,215,0,0,0,0,0,Control,4.556164,female,F115,-0.003532,0.581699,NaN
SRR27747942,0,643,1216,7,0,1367,10,16,20,825,39,0,13,4,0,0,0,0,0,0,138,0,0,0,0,0,0,39,0,0,0,4029,0,0,137,0,0,68,0,37,0,0,72,0,5,0,20,0,0,0,0,0,0,0,0,2,0,0,0,5,0,0,0,153,0,0,0,0,0,14,13,38,128,0,4,0,0,0,0,0,196,73,0,0,50,0,0,0,0,0,0,765,4,0,0,0,0,0,0,35,0,0,725,0,0,0,0,0,8,31,0,0,0,375,80,0,11,0,2662,321,494,0,0,0,0,44,79,0,0,0,0,0,0,0,0,382,0,0,12,219,0,0,0,0,0,103,0,0,0,0,0,0,0,79,0,0,0,0,0,0,0,0,0,0,0,16,0,13,0,0,19,0,0,0,7,0,0,126,0,0,0,0,0,0,0,0,35,0,0,0,79,0,2,0,0,155,0,343,8,0,0,0,0,0,0,0,0,831,0,159,0,0,509,0,0,0,0,45,38,118,0,26,0,0,49,0,0,257,344,407,66,11,95,0,0,0,Control,39.131507,male,F102,-0.002028,0.594381,White
